mfcc_0,mfcc_1,mfcc_2,mfcc_3,mfcc_4,mfcc_5,mfcc_6,mfcc_7,mfcc_8,mfcc_9,mfcc_10,mfcc_11,mfcc_12,mfcc_13,mfcc_14,mfcc_15,mfcc_16,mfcc_17,mfcc_18,mfcc_19,mfcc_20,mfcc_21,mfcc_22,mfcc_23,mfcc_24,mfcc_25,mfcc_26,mfcc_27,mfcc_28,mfcc_29,mfcc_30,mfcc_31,mfcc_32,mfcc_33,mfcc_34,mfcc_35,mfcc_36,mfcc_37,mfcc_38,mfcc_39,Ragas
-108.87253,139.1721,-66.239525,38.49767,-15.67721,9.113527,12.288061,-11.094901,-29.85795,-5.9240084,-18.295685,-10.532113,-12.793294,-14.058827,-13.769119,-21.558088,-27.53757,-13.21235,2.2318394,-8.097993,-1.4615624,3.0453985,-0.8659948,-7.655342,-9.820259,-5.7165937,-6.9879026,-9.46736,0.71079665,0.95982075,-10.401338,-5.808917,-5.4414735,0.06452774,1.4388052,-4.6924725,-5.9415574,2.4913905,4.4593687,-3.9558818,Bhairava
-276.87634,185.77765,-14.412038,11.862944,16.483875,-5.9331875,-3.7456424,9.027435,0.8111432,0.039670166,-9.768466,-6.076577,2.2905922,5.000667,7.9598627,11.397426,1.7129287,-5.7617593,-9.424395,-7.256092,-5.301567,0.5115906,-1.5603318,-4.9683805,-2.561279,1.0427387,1.7196411,-11.75239,-5.795765,6.6349435,5.072586,-6.637497,-11.132577,-2.5374126,-0.7582434,-5.0096593,-3.8198183,-3.7196913,-10.0458145,-10.692369,Bhairava
-105.32026,124.48331,-68.13144,60.2607,-18.625774,6.8717065,4.259542,-17.201105,-29.346008,-3.4006956,-18.167286,-6.1818657,-13.319001,-15.215502,-1.488132,-1.5629379,-11.634528,-11.612801,-18.866888,-24.397932,-3.8317041,0.16198954,-10.629137,-17.483545,-16.205446,-1.8506569,-5.47122,-12.247394,1.3932518,12.400377,-0.3024059,-12.0766735,-4.935453,3.2864006,-0.4086553,-0.8031825,-1.5288804,1.2590936,-2.369351,-4.62656,Bhairava
-114.658775,135.68999,-59.67591,37.22175,-19.190535,14.634156,9.411266,-9.150155,-33.05463,-9.8176155,-17.717705,-11.154576,-23.828325,-19.224104,-12.863171,-9.997427,-11.762462,-3.5856237,0.3302791,-11.291541,-8.218298,-8.542949,-9.000912,-11.361052,-4.931224,-4.0071983,-8.745489,-6.125352,-0.8195646,0.7244497,-3.24079,0.3136099,4.5914106,5.1969924,1.962219,-0.060197342,-1.340979,-4.3313837,-9.161746,-4.863908,Bhairava
-113.29971,127.00727,-61.441494,44.86818,-19.875513,12.278216,9.243931,-19.65735,-30.437014,-3.5919828,-13.671688,2.6134977,-7.972531,-18.067911,-20.266378,-23.280611,-17.634422,-6.9513783,-10.877979,-18.214792,-6.851554,1.8118919,-3.551171,-11.065123,-7.126743,-5.2228465,-9.522303,-11.7646265,0.8696821,6.300479,-5.8515964,-3.2893062,1.1307095,-2.0086048,-0.4284078,0.033211756,-2.4000242,0.7615608,-0.6791497,-8.004367,Bhairava
-111.13656,149.69884,-64.20939,23.442175,-18.071426,14.851862,9.532875,-16.415382,-29.055485,-4.9409513,-12.791032,-10.204829,-13.717177,-17.75735,-18.133127,-16.178408,-15.055626,-8.395705,-1.3254107,-9.690106,-8.104967,-2.29436,-4.367449,-4.5955853,-5.710926,-7.1178436,-12.500834,-8.983395,4.862696,-0.37394962,-5.902554,-4.3167133,-1.5048537,1.960063,0.54672307,-3.28044,1.2146746,2.8391497,-3.8606677,-7.5525565,Bhairava
-104.45017,136.0846,-63.534924,36.38535,-17.281677,13.465386,10.094332,-13.778785,-27.166433,-8.457781,-18.10656,-10.534138,-18.272018,-21.110767,-10.156011,-6.4536786,-6.987506,-7.986193,-15.907879,-20.628283,-7.1392264,2.662644,-0.5672507,-9.449276,-12.374941,-9.899525,-13.306499,-6.6895456,8.036434,2.1322718,-7.589802,-4.7266273,2.7461915,9.483815,3.3348086,-3.1362953,-0.037919104,-2.733248,-9.452581,-7.228401,Bhairava
-104.40708,143.09169,-65.33472,35.099194,-16.070665,9.96079,8.995854,-16.666403,-32.15666,-5.109914,-18.579512,-10.338559,-14.856056,-16.732801,-11.294247,-9.974695,-12.927008,-10.222166,-9.930749,-14.780355,-6.306676,-7.312089,-10.348862,-11.498689,-8.774341,-3.1473112,-10.043652,-8.0217285,6.366746,4.521079,-6.103416,-7.240419,3.6422734,4.550314,1.3050892,1.6872945,1.6649753,-5.014772,-8.409046,1.305135,Bhairava
-278.74396,168.00113,-5.086139,15.205424,10.902247,1.6493524,-2.1969252,1.7412257,1.6099259,-1.9674561,-4.8962307,-2.9454155,-2.1411679,1.9426299,-0.74818593,-0.5794681,-3.0110543,1.6437496,2.9278722,6.517772,3.4265976,-0.9982195,-3.4735541,0.14349195,0.8193247,1.4467356,-5.1734304,-18.585148,-7.0679398,0.9409203,-4.6426086,-11.062793,-11.210062,0.7079161,4.2305994,-1.7188363,-8.167117,1.9230195,1.8976147,-10.198615,Bhairava
-207.54677,176.23827,-31.931799,25.03761,9.776623,-0.50007355,-2.2587254,0.7345692,-2.7876978,-1.6297845,-6.976066,-2.5004318,-2.4936588,2.9824092,0.84153944,2.4127178,-7.7467446,-3.0314567,-1.724002,1.1417056,-1.1642087,5.340166,3.576623,1.212476,-2.48954,-1.1819507,-4.424535,-18.16757,-1.5807285,3.1916792,-5.2774405,-6.2883434,-3.6712935,0.71068764,0.47191373,-1.7270097,-10.227868,-1.753126,0.036451552,-10.500677,Bhairava
-268.1049,137.59889,15.726363,19.3283,-0.21950524,9.286078,-4.0289445,-12.551274,-18.26832,-11.533053,-21.828743,-9.913695,-5.8553104,-6.17636,-9.453742,-8.880395,-10.149536,-8.103288,-8.300402,-9.841827,-10.634625,-10.096541,-4.9901066,-1.5629183,8.715471,10.95906,5.5647855,8.510124,2.3676543,-1.4573531,-0.7240433,0.6176069,-2.5292976,-0.81457096,-2.931211,-1.6288555,-3.405973,-4.7593203,1.8399167,0.46390402,Bhairava
-214.50807,132.20534,2.096203,18.36976,-3.5945559,0.08295935,-14.084256,-6.887339,-22.199327,-17.239452,-25.265543,-20.023258,-13.097496,-4.7822227,-5.728986,4.22308,1.1237655,-2.0248027,-5.1806846,-1.4881978,-2.971828,1.1757792,-4.4247236,-10.702667,-5.967904,-5.0656347,-5.3358603,0.5444732,-4.5982857,5.999062,13.679651,9.820274,-0.92726034,0.9262839,-0.50868136,0.12473663,2.0181634,3.873909,1.7465917,1.115411,Bhairava
-214.50807,132.20534,2.096203,18.36976,-3.5945559,0.08295935,-14.084256,-6.887339,-22.199327,-17.239452,-25.265543,-20.023258,-13.097496,-4.7822227,-5.728986,4.22308,1.1237655,-2.0248027,-5.1806846,-1.4881978,-2.971828,1.1757792,-4.4247236,-10.702667,-5.967904,-5.0656347,-5.3358603,0.5444732,-4.5982857,5.999062,13.679651,9.820274,-0.92726034,0.9262839,-0.50868136,0.12473663,2.0181634,3.873909,1.7465917,1.115411,Bhairava
-216.02774,142.31927,3.43181,20.389791,-2.4936447,-0.7860072,-12.450613,-10.734727,-23.842625,-18.912224,-25.414415,-12.481621,-11.1178055,-8.400677,-8.616226,0.5425468,-1.6921462,-2.5824547,-3.7049568,-1.5332011,-2.7301896,-2.7029111,-4.042233,-4.880483,3.2009387,2.6394792,-3.27786,2.3092136,-2.7945285,-0.68006665,2.4187417,3.712018,-5.2313056,2.9320116,-0.07527874,-1.4634775,1.4120342,4.461934,3.72517,-2.8717453,Bhairava
-215.42366,134.28903,4.8710012,18.708544,-5.94437,-2.9545207,-11.618782,-7.0097113,-31.338238,-18.282595,-25.060675,-15.89986,-6.03724,2.8926532,-0.76803607,7.7157702,-0.062892854,-11.990742,-10.54474,-8.216515,-8.685474,-5.8026175,-6.3957324,-7.7426434,-4.2462397,-0.37559494,-5.577728,6.1074667,-0.63362145,3.443583,10.319965,5.72613,-1.3305639,-0.9119079,0.6390147,-1.2876129,-1.2068971,11.666514,12.125931,2.3560648,Bhairava
-211.01775,131.03932,2.0854502,19.893698,-6.8745656,-1.5076617,-14.298118,-9.251764,-24.922974,-18.290369,-24.417244,-17.00813,-11.136784,-3.955724,-2.2571871,7.185854,1.1722791,-4.953596,-9.230357,-6.548062,-4.9467053,1.8505052,-1.9987519,-7.2721577,-4.8654423,-4.3934975,-6.3445253,0.91619486,-0.74770814,6.9356437,10.110386,3.201675,-5.1179175,1.9303071,1.4706953,-2.0077298,2.6365,7.6517854,3.828763,-2.659897,Bhairava
-226.0521,142.37688,7.126368,19.485083,-2.0609412,1.587111,-10.9979,-11.646361,-20.83393,-18.54966,-26.24096,-12.11546,-10.156186,-5.33156,-8.442002,-5.4644423,-9.057332,-9.403648,-8.367234,-5.833323,-3.2348413,-0.5539562,-0.33445904,-1.4750276,2.452619,1.699872,-3.2090585,0.28032804,-2.6952555,1.6544093,3.847007,3.1125164,-5.916504,-0.840557,-0.677905,-0.54634196,-0.48806506,-1.3410224,4.482514,4.884684,Bhairava
-213.73767,155.27002,1.8270199,18.100706,1.1323627,4.8442173,-6.4070845,-11.590164,-17.240307,-15.546092,-28.267923,-8.962644,-11.366269,-7.793673,-8.961602,-7.297079,-15.00091,-11.002815,-5.7688217,-10.867833,-7.837728,-5.41322,1.6161748,3.3132286,6.712617,5.505602,-4.840169,-1.29576,4.935683,2.9526632,-6.830373,-4.529569,-7.483822,2.923446,-0.1741955,-2.961593,-4.150902,-6.3202024,-0.29320076,-2.3651652,Bhairava
-184.52303,139.53386,-4.2529488,21.308073,-3.485002,2.6540806,-10.283989,-11.125007,-20.311163,-19.090355,-25.289137,-10.220293,-13.811971,-6.259467,-9.748257,-6.6083455,-10.971594,-5.4314528,-4.6343327,-4.523792,1.1377989,2.7156,-2.295771,-1.7907915,0.9538213,2.7075589,-0.8703812,4.343208,0.060422633,-3.4771514,-2.0166357,3.333357,-7.7731595,-0.32539892,-2.9057195,-3.9088418,-1.9130579,-2.6711428,1.7545015,3.5629852,Bhairava
-160.214,137.26202,-7.5525165,26.025717,0.11781656,4.5862303,-10.364587,-5.3694987,-24.209557,-14.554777,-22.288094,-17.95601,-10.741843,-5.924373,-7.503321,2.0135705,-6.685446,-8.665761,-6.6054735,-2.8880227,-10.052383,-2.351407,-8.263098,-8.5323715,-2.3223088,-2.4769998,-10.622623,-2.7039013,-4.40961,9.4726305,8.6823015,7.8810015,1.4902446,3.691305,0.84496343,-2.229275,-2.794169,5.867531,2.2323828,-5.6042404,Bhairava
-158.09723,131.22903,-5.300562,31.150003,-1.0290728,3.960098,-8.924362,-11.301461,-28.036377,-14.247415,-22.060158,-6.7717423,-6.3681593,-5.865426,-10.3351345,-4.6468854,-12.467721,-12.003997,-11.544461,-10.89843,-8.540566,-4.18006,-0.5130742,1.2663777,2.109975,5.413504,-7.551407,-3.3182702,3.4952862,14.726974,7.0343323,7.2280664,-0.9612351,5.17433,0.04855375,0.9776666,-0.95925456,-2.7231143,-0.53108037,0.35715184,Bhairava
-256.36288,151.35968,11.646965,18.52398,-0.77290595,3.649436,-4.6869264,-15.725274,-22.686937,-11.8648205,-23.531466,-8.795253,-9.012202,-7.382882,-7.424501,-4.979212,-12.330885,-11.876882,-11.124704,-14.468508,-6.711905,-8.573415,-6.136638,-4.646465,5.9870477,8.110085,2.7409906,8.862376,6.8557515,8.567168,9.501581,6.709772,-5.029348,-2.2633457,-5.557581,-2.2186682,3.1521692,-4.3436117,-2.055661,-3.253507,Bhairava
-132.9556,140.98102,-24.14729,23.77605,3.8853574,8.70508,-7.553352,-6.203107,-21.689215,-14.808107,-20.376255,-19.450438,-11.386032,-5.2047033,-8.118261,-4.522491,-10.919592,-3.533282,-3.503082,-4.0544486,-9.309002,-5.4539075,-7.8970046,-4.4565024,-5.721386,0.6834712,-3.1623287,-0.3290957,-3.2859912,5.23019,-1.9386878,0.60638475,-2.955569,-2.7657137,-2.1681027,2.7117171,-3.6752,-2.1384392,2.1608875,1.456083,Bhairava
-243.76103,143.3801,9.859781,19.474052,-3.6950514,4.242796,-6.682466,-14.232582,-22.008587,-15.282514,-23.302326,-9.762256,-10.254646,-8.90217,-10.247147,-7.8418965,-11.851557,-8.520527,-8.39153,-11.458501,-4.28415,-3.6541042,-3.2051485,-0.9201369,8.873672,11.837268,6.2816935,8.143576,1.9260587,-0.2705559,0.95889896,2.6572025,-6.6585193,-3.108109,-3.2719114,-0.93712604,-1.2210203,-6.6385374,0.82345176,1.6105745,Bhairava
-248.7729,136.43843,9.354167,17.99808,-1.9594014,3.079583,-11.99427,-13.377134,-20.215645,-17.074594,-24.267832,-7.691928,-10.431497,-5.6828475,-7.302277,-9.131754,-15.902563,-11.900385,-7.6748743,-5.51141,2.9333994,3.9042122,3.782913,3.8302681,8.297711,7.4695215,1.8730085,1.7708683,0.9725187,1.3293988,1.1030195,2.0629587,-8.698838,-4.0032387,-4.91375,-2.0870113,-2.7099633,-6.9314547,2.2418308,6.8155603,Bhairava
-219.82442,139.0812,1.9453897,19.363153,-1.3529737,0.4283628,-13.077652,-12.386972,-20.41916,-16.34114,-24.399988,-13.082463,-13.86687,-7.5538197,-8.511111,-4.4863815,-10.458899,-7.166176,-5.4765725,-4.6440187,2.9025466,5.850005,2.4148278,-2.0010872,0.78813016,2.989426,1.1392123,4.1675205,-0.8541137,0.34705266,2.191704,2.8661668,-7.8639903,-1.878458,-1.1082865,-0.78747183,-1.6359576,-2.5179348,3.1356208,3.8458846,Bhairava
-219.82442,139.0812,1.9453897,19.363153,-1.3529737,0.4283628,-13.077652,-12.386972,-20.41916,-16.34114,-24.399988,-13.082463,-13.86687,-7.5538197,-8.511111,-4.4863815,-10.458899,-7.166176,-5.4765725,-4.6440187,2.9025466,5.850005,2.4148278,-2.0010872,0.78813016,2.989426,1.1392123,4.1675205,-0.8541137,0.34705266,2.191704,2.8661668,-7.8639903,-1.878458,-1.1082865,-0.78747183,-1.6359576,-2.5179348,3.1356208,3.8458846,Bhairava
-238.60529,144.55446,6.0229664,18.737474,-1.7813553,-0.32488447,-11.022674,-11.053312,-23.528051,-18.23143,-24.502089,-9.724244,-7.645615,-1.3324349,-6.4598083,-4.253143,-10.274825,-7.461967,-6.871324,-7.0138397,-1.2182224,-0.5044174,-0.55277616,-5.8328876,-3.2491088,1.0899341,-2.2860386,0.4648018,-1.2063164,0.9456496,3.2637217,3.222555,-6.4206553,-0.29830244,-1.7850071,-0.33127737,-0.13997218,-3.0374231,3.403476,5.070595,Bhairava
-233.09244,140.47023,7.5019064,18.253944,-3.1358356,1.6797734,-12.710046,-11.613662,-20.080496,-18.559885,-26.40882,-10.015761,-10.779098,-5.876063,-7.9227867,-6.5402493,-12.197128,-8.882698,-5.2913966,-3.5326936,2.6803148,2.6617765,2.6157713,0.038051262,3.3899496,2.999652,-0.08296676,3.4332333,-1.6725016,-1.0164127,0.57836103,1.799598,-8.547438,-0.9253742,-3.6037266,-3.6325827,0.26667562,-2.1169913,1.0491546,4.828363,Bhairava
-228.43813,129.46901,2.9303968,19.53258,-4.338482,-0.7289603,-12.752893,-9.663527,-23.137571,-18.526423,-26.234604,-15.348548,-11.492852,-3.9351354,-3.3726017,3.701569,-1.3260362,-3.7959573,-4.0664864,0.080860056,-0.57082456,-0.830108,-4.280326,-9.073516,-1.3045983,0.04444304,-4.010284,4.4338717,-0.6117429,1.3253525,5.919859,5.920604,-0.87889737,2.9652069,-1.5774599,0.052789647,0.9559031,2.4933324,5.2858644,2.584514,Bhairava
-383.36154,157.02829,-0.53530985,-13.559186,16.921251,1.2114097,-21.529758,-24.41294,-18.585752,-19.47121,-23.25661,-16.165674,-6.55062,-5.699566,-8.429991,-8.440404,-6.6775856,-9.34871,-13.819796,-8.798285,1.9911177,5.245193,2.804423,5.202972,10.721056,9.806074,4.5562286,3.3120077,1.1594517,-6.233779,-7.7578144,0.9546644,10.701072,13.5828905,8.320928,3.6606586,5.5092525,5.215094,-0.14923489,-2.0911527,Bhoopali
-253.53653,210.96925,-16.216925,4.4031997,29.19943,-0.9912987,-9.8278475,-16.029367,-10.853253,-4.454319,-12.779988,-6.7875614,2.2731516,-2.453938,-4.198303,-2.7008169,-1.1463665,-4.4713135,-12.240294,-7.678497,-1.2438443,-2.4977481,1.240105,3.63931,0.19043547,-4.467256,-6.134219,-1.6265813,-2.390646,-8.284876,-8.070532,-5.2100687,-3.4216022,1.2706378,2.4258502,-4.1514544,-7.1571946,-6.4087834,-6.8303413,-6.041678,Bhoopali
-389.22647,203.27917,16.303701,-0.17315722,8.898505,-8.533039,-6.519857,-2.6333997,-1.8179299,2.7232187,-0.8548266,-2.6376436,3.6173756,2.5082011,-6.719711,-9.281957,-9.93261,-11.4257765,-7.056172,-6.0484138,-11.272527,-9.275709,-1.1578373,2.075696,1.5864904,2.314364,1.488336,-0.812174,-3.1393387,-10.5447445,-16.254847,-7.3711467,3.991655,3.3291967,-0.981601,-2.5186064,-4.1905212,-7.488785,-10.666744,-12.190086,Bhoopali
-385.7482,170.95946,10.080907,-7.929512,4.2442565,-0.87521994,6.451692,7.3916006,-2.7517362,-8.732676,-9.343704,-2.244501,7.611771,9.655123,7.3771744,4.22388,-3.9609,-9.163066,-5.507863,-5.663227,-12.609905,-11.769624,-1.8511966,3.5605218,1.1350166,-2.7833457,-2.9055598,-2.0763674,-6.323911,-8.155787,-0.54227376,6.573406,3.8993385,-3.993737,-7.765239,-9.231583,-11.401423,-3.2381313,4.7136884,-5.138332,Bhoopali
-365.6469,191.20595,16.129406,-3.9954808,4.0567427,-8.312499,-4.911616,-0.22277105,3.2614172,8.196354,0.6262566,-8.850212,-3.3851564,0.3969359,-7.646536,-9.305428,-7.9319,-10.246676,-8.376559,-7.397186,-9.079414,-4.0883827,2.0990238,2.3762052,2.968838,4.192429,0.44478944,-2.6746192,-3.66053,-11.902933,-17.20834,-6.4995275,3.3202207,2.4521983,0.37495816,-2.8900864,-3.7745957,-3.050133,-7.926268,-10.279306,Bhoopali
-382.08447,166.65442,7.3674197,-13.610065,15.045939,2.267464,-19.125841,-21.698711,-16.509726,-18.732819,-23.374334,-15.149495,-2.4417257,-0.8887742,-6.982649,-11.105799,-11.540676,-12.302586,-13.226211,-9.39223,-2.7529836,0.63606054,2.049575,6.078594,9.504906,5.565151,-1.5683352,-3.0297232,-2.4660575,-4.7750125,-3.1912215,4.74437,10.527007,7.7830667,-0.41820407,-3.7355957,1.097846,4.283537,0.19994996,-6.225566,Bhoopali
-454.08582,126.67829,14.836184,-2.539732,0.42267767,-4.3960924,-2.252063,0.33038625,3.1215928,3.761104,-2.097976,-5.620433,-2.4443583,1.1477432,2.5142183,4.183867,1.9135879,-2.867931,-2.8314724,-1.9219931,-3.1030421,-0.5093191,4.4591303,5.8348074,3.4210358,0.15782914,-0.35228485,1.8612028,0.2990383,-6.480355,-7.2206106,0.39508295,4.43115,1.2375989,-4.460124,-8.765173,-6.755413,-1.4827409,-2.642561,-8.044682,Bhoopali
-353.99606,159.19371,12.322626,-5.7807546,17.582413,4.250719,-14.423629,-14.67316,-6.556066,-7.2396994,-12.677243,-9.166336,-3.5699158,-4.004767,-6.8773046,-10.7079735,-14.188933,-16.246506,-16.706354,-12.939834,-6.343528,-1.290298,0.79735196,2.5018253,4.2629514,1.5448014,-2.4459999,-2.663952,-4.207689,-7.777155,-6.9316044,-2.1610043,0.55670124,-1.0470119,-3.952383,-4.275423,-3.6015334,-5.1696067,-5.879175,-4.703476,Bhoopali
-322.79926,161.77248,-2.8993344,-1.5132908,19.851032,5.837975,-5.1210856,-12.460333,-12.106121,-8.700291,-7.225375,1.5861473,6.636888,-0.28958613,-6.4729934,-9.529163,-11.74286,-11.607551,-10.250825,-8.181961,-6.298934,-3.4957528,0.44412988,3.1117768,2.2660723,-3.6901488,-6.4729004,-3.1574557,-4.5392137,-9.237914,-7.141987,-0.6076973,1.9410164,-0.14159457,-2.8433807,-4.5422173,-4.5257998,-2.4706972,-1.2755827,-3.6432338,Bhoopali
-305.02408,190.82227,-4.8529634,-0.59470665,25.55749,0.66064024,-8.983722,-9.994156,-9.61265,-9.877494,-14.430573,-8.55281,-1.8464847,-3.187209,-2.1309612,-1.032991,-2.5732563,-4.9217563,-6.763618,-4.2915263,-5.2773376,-7.876879,-3.4124806,-2.6274946,-7.2775235,-9.374149,-7.483077,-2.539872,-3.3737657,-9.633597,-6.272279,1.2662742,0.023707954,0.07927822,3.0145948,-1.319197,-4.6369653,-2.496524,-5.7615514,-9.370702,Bhoopali
-307.20554,189.45584,-10.824041,1.6129299,25.665184,4.210354,-6.0761857,-10.9830675,-6.9530077,-1.8497704,-6.8138576,-2.949019,2.6794868,-1.4403379,-6.379343,-7.81354,-9.2910185,-12.342517,-13.2879715,-11.527362,-6.931407,-0.67422456,0.4731249,-1.54035,-1.575218,-0.3753442,-1.0008966,-2.7495177,-2.720279,-5.4330316,-6.19443,-1.3735548,1.5387692,1.1459299,-0.6871434,-2.1559265,-2.4695075,-2.1725535,-2.1449761,-4.5552573,Bhoopali
-267.9632,203.05621,-15.512109,2.6810808,26.960814,-0.06753984,-8.463005,-14.838743,-9.585389,-2.4538844,-10.260068,-5.238065,2.1453962,-2.1474168,-3.6372123,-4.2762375,-5.0750594,-7.0331955,-11.413146,-8.508255,-4.1486483,-3.7161787,0.2844069,2.7076182,0.029432833,-3.5229297,-4.76037,-1.8106402,-1.6010112,-7.805541,-8.826715,-3.3101766,-1.1820114,0.28473762,1.6149411,-3.0557222,-6.6157875,-5.084291,-4.955466,-6.2348347,Bhoopali
-220.14177,209.62843,-28.557121,9.656921,24.142963,-1.2543743,-0.33400515,-12.122465,-10.343471,1.5219243,-5.7920647,-3.4024644,0.28122884,-0.56260705,0.3480782,-4.5415907,-11.011299,-10.709087,-7.050968,-5.85539,-6.5478125,-5.50403,-6.137186,-5.7470694,-1.510067,-0.616776,-3.3557801,-2.7746744,-0.4188725,-3.3709025,-5.0598288,0.23517658,3.1249604,-1.0820985,-2.4836395,-1.4791089,-7.234212,-2.2838368,4.9211946,-2.9255512,Bhoopali
-356.87564,152.73788,16.430756,-1.5998149,16.495974,4.058553,-12.732581,-14.610699,-8.517702,-7.824895,-10.645016,-7.988683,-4.562257,-4.2502837,-5.668312,-10.919354,-16.40569,-18.269604,-18.20466,-14.568662,-7.0158935,0.008581529,3.2671611,4.5836687,3.4776976,-2.2751179,-6.2626004,-5.2818127,-4.8769183,-6.555625,-5.598173,-1.0766573,0.70478666,-1.8214037,-2.0707076,0.041141685,-1.640443,-5.071328,-4.176094,-1.5774796,Bhoopali
-377.0333,97.676796,-21.851755,5.8005514,-32.997677,9.547103,-16.92641,11.058915,-0.0057882303,-5.64971,-1.3867986,-2.5061126,7.3633523,-7.927608,-4.1777225,-3.1528041,0.31483355,-0.018143125,-2.3211062,0.37947476,-6.5341063,-0.5681829,-5.7556233,-1.86635,4.3004856,-4.201581,-3.341445,0.39099765,-2.5746882,-2.163846,7.9639955,7.1423845,-3.076376,2.795935,-1.2040348,5.24023,6.683537,-0.30735573,1.2832857,-0.3482038,Bhoopali
-367.52957,104.70043,-25.739727,-2.1788046,-32.463978,14.283454,-11.7371235,12.862873,-6.4645376,-10.549362,-4.2522616,-0.3698107,9.804842,-7.646593,-2.6825597,-4.5599694,1.8884013,-0.6585782,-1.0931609,-0.91233945,-7.965908,-0.32763642,-7.018594,1.1142303,2.5738919,-2.2521534,-3.8835087,0.5684102,-2.1618693,-1.9587157,9.667586,4.091873,-0.9818096,1.4289069,1.0778176,5.6288924,6.8102884,4.4436536,-1.0970975,-1.7014344,Bhoopali
-365.14252,104.818535,-23.00543,1.1037167,-33.034946,13.718194,-11.301426,13.3769455,-6.7281437,-10.355467,-2.6307347,2.156298,9.728355,-7.8129444,-3.123262,-4.8458896,1.9104304,-1.2540286,-2.0892565,-0.12560959,-5.436557,1.0450947,-7.710276,0.28875497,2.8799617,-2.7847705,-3.4651854,0.4327315,-1.7673527,-1.7694832,10.204154,4.208577,-3.0446293,1.1433654,0.44547525,5.2022815,7.5267663,3.5144656,-2.0183935,-0.37678736,Bhoopali
-454.08582,126.67829,14.836184,-2.539732,0.42267767,-4.3960924,-2.252063,0.33038625,3.1215928,3.761104,-2.097976,-5.620433,-2.4443583,1.1477432,2.5142183,4.183867,1.9135879,-2.867931,-2.8314724,-1.9219931,-3.1030421,-0.5093191,4.4591303,5.8348074,3.4210358,0.15782914,-0.35228485,1.8612028,0.2990383,-6.480355,-7.2206106,0.39508295,4.43115,1.2375989,-4.460124,-8.765173,-6.755413,-1.4827409,-2.642561,-8.044682,Bhoopali
-301.23773,172.40479,-3.7920666,2.2305875,23.770056,4.255415,-8.173601,-13.375622,-9.526673,-7.251193,-11.266008,-4.140843,3.320422,-1.8484545,-6.4432425,-7.196168,-9.2346945,-12.07524,-12.418473,-8.634133,-6.0814137,-4.39338,-0.37013227,2.9581451,3.0076737,-2.617779,-6.1892924,-3.514688,-4.9656234,-8.428089,-6.26258,-1.0553783,2.3233633,0.86812854,-2.5005662,-4.588819,-5.9773273,-4.530709,-2.41599,-5.8545923,Bhoopali
-302.21884,206.5798,-13.45917,0.9811499,26.46147,-5.131042,-8.261607,-9.3813505,-12.469497,-10.1321125,-16.04599,-10.790081,-0.97078794,-1.2564288,-0.163439,1.2488452,0.5999066,-0.9122871,-4.016968,-4.0994987,-8.58533,-12.245372,-4.258494,-3.0178862,-9.805231,-10.450489,-6.711105,-1.7320404,-3.136013,-9.632028,-4.3017435,4.6520066,1.4881399,-0.05433271,2.8236916,-3.4109719,-7.679937,-1.7572696,-4.0825133,-11.900661,Bhoopali
-299.4573,193.43224,-15.12539,2.9859393,23.637318,3.785468,-4.584181,-10.617977,-5.152621,-0.063566566,-5.9819508,-1.1335354,2.4953778,-2.3376334,-5.7830215,-8.434713,-10.359426,-11.216481,-10.425541,-9.703719,-7.213218,-0.2614486,2.219925,-0.5541614,-1.2390357,0.49311453,-1.2332747,-4.5212703,-2.8314457,-5.1382117,-7.2252045,-2.8421714,-0.4103831,0.5820072,0.8659298,-0.34961143,-1.7867261,-4.0712333,-5.011149,-2.8073733,Bhoopali
-286.8003,187.60683,-6.7889514,2.13717,25.925028,3.3926935,-9.3614855,-14.986362,-8.2986555,-5.5451136,-13.43737,-6.705677,0.8547007,-2.8914187,-3.490457,-3.9129174,-6.363778,-10.62545,-16.115158,-12.308799,-5.8656383,-3.7275872,-1.1505663,-1.0851917,-1.614487,-1.5538368,-1.3262076,1.4911666,-1.1558621,-8.009762,-6.8095603,-0.74166,0.395574,0.105148986,0.53867745,-3.2928329,-6.22032,-3.1720104,-1.6630611,-7.510823,Bhoopali
-286.8003,187.60683,-6.7889514,2.13717,25.925028,3.3926935,-9.3614855,-14.986362,-8.2986555,-5.5451136,-13.43737,-6.705677,0.8547007,-2.8914187,-3.490457,-3.9129174,-6.363778,-10.62545,-16.115158,-12.308799,-5.8656383,-3.7275872,-1.1505663,-1.0851917,-1.614487,-1.5538368,-1.3262076,1.4911666,-1.1558621,-8.009762,-6.8095603,-0.74166,0.395574,0.105148986,0.53867745,-3.2928329,-6.22032,-3.1720104,-1.6630611,-7.510823,Bhoopali
-295.02814,204.4561,-16.582275,4.4998755,22.273151,-0.67589134,-3.568987,-11.267191,-8.034534,2.8712358,-2.3496935,-0.6647454,0.80455065,-1.0613977,-1.4286195,-8.565559,-15.041042,-11.597836,-5.4754605,-8.750795,-12.81114,-7.3222203,-2.282899,-1.8870897,-2.009897,-1.5011269,-2.4639742,-2.6782207,2.4009438,-6.0552077,-11.485623,1.8070437,3.3489022,-2.6130478,0.6863956,-0.92416745,-5.773433,-2.7220044,-3.6266067,-7.0732,Bhoopali
-278.35565,197.18753,-23.12845,4.7886896,18.908258,-1.7712096,-3.8178966,-12.324177,-8.501058,0.7490884,-7.2758384,-4.9681983,-0.14374146,-1.0013529,-2.53426,-6.020433,-8.257112,-8.476986,-8.044327,-6.589721,-5.6382127,-4.777774,-2.4311764,1.1043266,0.64971334,-3.3984556,-6.0538936,-4.4477286,-0.13394368,-5.4814963,-9.323972,-2.1915548,1.2446502,0.39351824,2.7832196,1.8154874,-4.295095,-2.2241187,-0.6465111,-3.25619,Bhoopali
-236.24715,219.39743,-26.607803,8.573168,26.583158,-2.2788358,-0.44034216,-17.862698,-17.054876,-1.270081,-8.53199,-5.403972,3.2379928,3.7502024,2.5482545,-5.504544,-13.163057,-13.401201,-12.038173,-10.088004,-8.787995,-10.581817,-10.444014,-6.3773794,-2.8959458,-3.0403016,-4.0958424,-3.1145477,0.30744126,-4.099405,-10.824853,-2.7167535,5.942986,0.0883906,-1.5453379,3.347642,-3.966161,-5.1208415,5.2538385,-2.6970494,Bhoopali
-223.48088,197.48651,-21.856922,8.065282,17.875767,3.1489697,-0.43773454,-3.2582135,-2.4596212,4.455346,-3.7185693,-7.0923414,-7.352732,-3.1010425,0.9492706,-2.435379,-8.858401,-8.532425,-2.3903134,-4.322287,-7.920434,-3.573109,-6.545315,-9.374851,-0.97978,2.8778014,-2.4218326,-3.1913552,-2.6950538,-8.752706,-3.647642,6.151779,3.7601452,-2.0496995,-0.21384376,-0.30635303,-9.110457,1.7083944,3.425426,-7.871783,Bhoopali
-227.88423,201.6693,-21.154955,13.886745,24.946518,4.5261073,-7.0916963,-14.434768,-3.014818,-5.9605103,-10.450892,0.27452597,-3.5596511,-5.5946174,-1.5116783,-5.419599,-9.350991,-12.078446,-8.708839,-3.091486,-1.3105431,0.49056807,0.5504681,-0.8311872,-0.6713565,0.8644637,-1.5355173,-2.9550412,-0.87851644,-4.632565,-5.99612,-0.04423535,-0.28392,-1.0798124,-0.46501696,-3.4476614,-3.4713116,-7.6522446,-8.832313,-0.87284106,Bhoopali
-214.32104,211.75708,-35.064713,16.771032,16.613075,-8.056701,-4.41292,-15.8913555,-11.866074,7.8691077,0.258173,-2.35462,-3.4804347,-4.6848817,-0.57629853,-2.8714385,-4.724669,-5.206523,-0.7143601,-2.121102,-10.9406185,-9.066437,-4.9003186,-3.9250362,-2.2168653,2.7966413,1.347968,-7.1267724,6.9905605,2.7505078,-12.338561,0.9071509,4.1185403,0.57278615,7.5230994,-0.61799884,-7.472078,-1.7585224,-8.949524,-3.2835033,Bhoopali
-228.58183,213.5287,-38.30612,12.633391,23.808163,-2.9770944,1.3152746,-20.744125,-15.429792,2.871619,-8.506676,-3.0262766,3.719101,4.336136,8.741898,-0.6384437,-12.167888,-12.705673,-7.3185678,-1.2359068,-4.9137244,-12.24041,-11.474849,-3.501238,4.504061,2.1497393,-3.4022856,-0.91230154,7.5726714,-0.7808384,-14.425877,-3.4404647,5.283782,-3.0756598,-1.4345961,3.1967745,-8.39234,-7.813121,6.5249963,3.2136097,Bhoopali
-254.03534,212.45985,-0.40717232,21.118046,16.92471,0.6920549,2.3175619,1.3969029,-13.696733,-12.812592,-0.45861077,-2.2107673,-5.7165613,-7.1700053,-1.5649301,4.0013614,8.417006,9.7249975,1.0806946,-7.1700425,-8.686259,0.8601931,-0.92771775,-9.547692,-7.042507,-1.7201025,-1.1803187,-9.06057,-8.9399605,3.0313365,6.78379,-0.6141287,-6.743258,2.3124323,1.677508,-12.8737135,-6.1461215,2.8630872,-8.409398,-7.3970423,Yaman
-255.15117,174.1138,-1.5916834,20.127346,2.1047807,-7.714833,-13.647215,-7.6622314,-18.242577,-11.832009,1.3292834,4.37968,3.1844,-4.106772,-6.9827056,-3.8643627,-1.3289112,3.6921947,-2.116712,-4.490812,-4.1546354,-0.4879345,0.36858815,-5.711378,-3.8444881,-1.971302,-6.326162,-12.7783,-0.7052105,7.7468596,-3.2779067,-7.110878,-2.8956025,-1.5583751,0.0053807627,-2.624724,-6.143139,-0.39486274,-3.3181005,-9.242645,Yaman
-274.01285,205.40446,-6.655016,17.73377,7.572694,-11.1348505,-6.5621176,-2.4018764,-6.526268,-11.347206,-3.8451226,-0.17040612,-2.8800707,-1.2095965,-3.953562,-8.5553,-2.5119576,-0.6636357,-7.1729627,-6.1060786,0.04578013,3.4082463,2.1818132,6.7644367,1.2406852,-6.872815,-5.0187297,-8.942945,-3.9831145,6.4436936,-2.8808868,-11.497743,-4.6545634,2.7326813,3.681104,-3.5883577,-5.805248,1.7657807,-0.039123952,-6.5164423,Yaman
-260.29904,172.65327,-15.448976,21.061068,-2.9106169,-7.7621956,-15.764227,-3.0122066,-8.418327,-6.4275494,5.8733053,4.867982,-1.684349,-3.706261,-8.635226,-10.824495,-5.0753684,8.089665,-7.941388,-16.922112,-4.505605,12.030934,14.86057,7.917232,9.975709,-3.963153,-15.990179,-14.843246,2.8043869,9.70282,-0.4217235,-6.0725293,-4.2121334,-4.848634,4.9337654,3.0633202,-18.72522,-7.6065164,4.906345,-1.5221543,Yaman
-245.63528,158.12457,-19.42717,17.568539,-12.083056,-7.3101053,-10.682367,2.2424247,-8.897059,-9.573475,6.098866,14.1314125,8.685348,1.9830335,-12.358237,-9.26146,-5.6714044,1.9305645,-5.13424,-9.256386,-3.758182,6.692722,10.149395,-1.5770007,-5.3318787,-0.7459216,-3.6172214,-7.6159205,4.0207996,0.49714282,-8.314858,-4.4989166,6.0921245,6.40557,0.12539817,1.8950157,-9.427142,-3.75281,7.767864,1.2529386,Yaman
-336.20032,190.99745,29.73231,-0.3119055,7.5824294,3.8623412,0.5185277,2.382672,-8.914778,-17.934414,-11.0047245,2.9325836,1.3491211,-8.649344,-13.989286,-9.266488,-8.228523,-1.7326598,4.2651825,-0.0008481557,-7.203702,-2.2302167,1.9250823,4.7516484,7.9598565,4.809393,-8.0763235,-6.611592,1.7073815,-1.3340571,-5.966086,0.33168703,3.2094696,5.2011166,6.515452,1.908259,-9.784113,-6.2245393,5.014899,1.4903462,Yaman
-267.15933,158.99968,-86.99512,-0.7401299,-45.718887,-38.923748,-33.41004,-17.241863,-25.168892,-17.732618,-21.049564,-8.477952,-7.0630755,-4.202022,-8.014287,-13.444245,-1.8912992,1.014036,-7.463265,-9.651356,-11.004254,-3.2116888,2.1103837,-0.61056405,5.67038,3.5149443,-4.41144,-10.234969,-6.915161,0.5148173,2.428572,-6.018357,-6.5234523,-3.3575168,-2.068035,-0.0030268917,0.30637062,-7.227602,-7.106928,3.3345664,Yaman
-272.55872,191.92915,-79.826485,-15.037471,-26.971912,-41.06873,-22.957958,-12.881281,-15.84003,-13.430804,-17.109615,-14.81012,-11.654421,-10.151808,-10.868712,-7.57827,-7.4409223,-5.988142,-6.4101496,-12.789707,-10.922401,-4.0579395,-7.759824,-7.573052,-0.69337034,-0.4874463,-4.4024754,-7.825356,-5.3855596,2.698224,0.21101813,-9.879229,-6.6339874,-1.4469347,-1.3094994,0.27511883,-2.6668072,-5.0192695,-2.8684494,-1.4519571,Yaman
-259.10007,162.26358,-81.21041,7.4089503,-41.52819,-35.887253,-28.574734,-13.5014105,-13.012198,-14.20476,-18.365463,-14.988059,-13.349759,-7.148497,-11.537882,-10.566738,-3.8539355,-4.09728,-6.128201,-5.406421,-9.813413,-5.6513357,-7.1382265,-9.3411875,4.243124,-0.80129445,-1.4809718,-7.931059,-13.682789,-3.3239493,1.4687676,-5.66242,-7.7601576,-4.5015125,-4.7152405,-1.7793381,-0.8122528,-4.5757813,-2.4686055,-4.190458,Yaman
-258.37857,160.61327,-85.3171,2.04653,-47.89538,-35.69035,-33.14535,-21.395426,-27.197762,-18.351677,-23.020906,-8.733117,-10.459848,-10.538552,-8.699365,-13.105448,1.686155,4.1984487,-9.106044,-11.83806,-11.145371,-0.8820606,4.0806627,3.1928327,7.261943,3.2993054,-5.2343283,-11.480124,-3.4008012,-0.7322318,-2.0959804,-4.8089676,-6.8018656,-6.8344336,2.4311998,2.5811408,-2.0780098,-6.6093874,-3.1947184,4.550204,Yaman
-316.15295,169.39104,4.8605022,12.606134,15.531534,-2.7516606,-5.853916,-4.03591,-7.129644,-4.6700706,-5.114556,-9.121507,-9.009684,-4.4938283,-0.2663851,-1.1683388,-0.7482224,-2.894437,-4.704992,-7.429964,-12.051446,-9.89807,-7.498923,-9.649004,-9.537636,-6.6931295,-5.6367702,-7.019513,-9.192373,-7.421623,3.892452,12.861282,9.403767,3.6023633,-1.1401198,-6.0554404,-11.768646,-8.202221,-1.5289499,-2.963999,Yaman
-328.03876,194.61963,-5.370798,13.4228,14.446255,-6.0449557,-7.573577,-10.502763,-7.1385493,-7.1858144,-7.8245754,-0.76346195,-3.1493454,-6.693146,-5.1263256,-6.7274165,-5.6303053,-5.9955196,-3.7210033,-2.4042149,-9.022557,-7.0043983,1.6536992,1.8073983,0.20200218,0.27287364,-5.9789133,-11.548487,-8.04749,-2.403915,1.2665025,0.092161104,-4.1022444,-3.496482,-1.72966,-1.1969699,-2.239387,-6.5894265,-8.640991,-4.337269,Yaman
-353.16766,207.91368,-6.398117,2.5817475,7.729142,-7.805309,-4.5566263,-9.104356,-11.911891,-13.331427,-10.044539,2.9915674,1.6202489,-2.9596226,-3.4195735,-6.967227,-6.9332643,-4.9798336,-4.544307,-8.360951,-14.332007,-7.425041,2.2843118,2.2542522,2.1357546,0.47068876,-7.0023694,-10.238291,-6.71833,0.21064375,4.3134484,-1.9777386,-6.0331736,-2.8737552,-2.1033046,-1.7236955,-0.5739754,-8.800878,-9.299382,1.3499646,Yaman
-362.0095,205.26161,-2.3457096,9.905275,12.156599,-9.724582,-3.4851842,-10.682304,-12.973403,-11.343794,-9.848545,-0.064808756,-1.5493493,-4.737909,-0.89072835,-1.856384,-0.41350657,-1.8016523,-8.013572,-11.998466,-15.94238,-8.444282,4.557075,4.103811,-0.28539717,-3.1604724,-9.94671,-11.358192,-5.762866,0.7689703,5.3037143,2.0424695,-2.3981192,-1.5108944,0.8082552,0.93179643,-7.353518,-14.861827,-5.923232,0.54594606,Yaman
-312.77612,215.55353,-18.832567,22.12123,14.855998,-8.222398,-3.1383796,-12.626902,-8.055483,-11.157976,-14.24917,-1.7972325,-5.799362,-9.710679,-4.304514,-4.1976175,-2.62079,-7.1931615,-9.35745,-5.822382,-10.715048,-6.368899,7.060941,2.0446024,-4.1600823,-1.4616848,-5.6564574,-9.148104,-9.622241,-5.153545,5.6697936,6.123709,-3.1335402,-4.7261953,-0.29223332,-1.4167821,-8.246596,-14.343124,-12.37342,-5.67761,Yaman
-289.43845,221.7656,-26.877842,20.688496,19.478031,-7.748932,-0.10391738,-6.6671753,-4.4076104,-5.6016445,-10.116027,-7.3580666,-6.2833543,-5.037538,-5.4244614,-4.2756376,-2.6885462,-9.920648,-7.9412537,-6.5493283,-15.55931,-9.620505,-3.869695,-7.04544,-5.8794785,-8.095407,-8.922341,-4.5271606,-7.0661025,-7.4988403,0.56020874,1.3505324,-1.1883025,-2.0332303,-3.6388412,-3.1302915,-5.587813,-7.2489524,-5.6163044,-3.8923132,Yaman
-218.07716,209.58656,-41.644356,30.033972,9.995618,-5.831678,0.7227764,-7.0726314,-2.882543,-0.71214867,-8.811227,-7.363913,-4.006881,-4.9072385,-2.450537,-2.808808,-1.9478465,-10.487645,-6.7762394,-4.293156,-16.108084,-8.298884,-3.5563061,-9.200169,-7.293891,-7.071028,-6.6531563,-3.5399163,-5.9191713,-8.717064,-0.9492956,0.96917206,-1.5575683,-2.1681154,-8.423214,-5.6352115,-7.2322164,-10.81232,-8.219127,-6.0525637,Yaman
-259.6253,207.85226,-22.729885,20.551851,20.046564,-9.015135,-0.44524753,-4.627122,-5.6103706,-5.6083555,-9.979503,-7.0625763,-6.060214,-5.514241,-5.1507034,-4.0491443,-3.6882331,-10.860273,-6.714406,-8.306314,-18.581013,-9.085052,-2.6255262,-5.333444,-5.02524,-7.8971586,-7.527262,-5.856388,-8.313307,-5.596414,0.9610537,-0.08061436,-2.2270885,-2.1927805,-3.6106818,-2.4475093,-5.7229686,-8.813797,-7.4188895,-5.5039463,Yaman
-245.09932,209.97714,-33.655865,27.467888,12.802515,-7.5617757,0.9177165,-10.064099,-5.2562537,-6.09109,-10.121231,-3.930588,-6.4160075,-5.796921,-4.2099533,-6.041465,-5.187342,-12.292864,-7.65643,-6.2744613,-15.204407,-9.586145,-2.0681376,-2.7092154,-4.238155,-4.8989086,-7.386516,-6.4340005,-6.545674,-6.6939187,1.8398521,2.7573798,-0.7797385,0.28425518,-0.824168,-2.2180052,-8.107668,-11.484916,-9.585159,-6.907189,Yaman
-251.14072,210.8662,-35.04854,26.116634,3.4119234,-5.8581257,-0.2932737,-14.964463,-5.851621,-6.374504,-9.775217,-0.7747125,-5.4533787,-7.869139,-1.87561,-4.971278,-2.5234196,-6.4252944,-7.5309505,-0.87020665,-10.466655,-10.186227,4.780325,-0.50748295,-6.6215444,-3.9380772,-6.510492,-7.953438,-9.90133,-8.213716,0.57199836,2.619686,-5.691786,-4.978092,-1.6044109,-6.6924357,-8.86079,-12.240444,-12.48367,-8.151053,Yaman
-248.47281,207.19067,-27.087778,19.178894,0.038502887,-4.337163,-0.34583002,-9.2142315,-6.2624497,-6.299158,-8.315393,-1.1354259,-2.385208,-5.4697056,0.25491616,-2.6630871,-0.89460343,-1.7437782,-6.863594,-5.3862224,-13.665928,-14.34879,1.1848797,-1.8669596,-6.324868,-6.066998,-10.286262,-7.97531,-7.2826347,-5.6788635,-0.56626356,0.6843312,-4.060382,-3.1780922,-1.2528428,-4.396329,-9.360889,-13.869747,-7.6116796,-1.4757254,Yaman
-283.55615,204.77242,-21.95628,18.771324,6.945434,-3.6991308,-3.8678308,-7.7896914,-5.502003,-7.624028,-9.135138,-5.932158,-5.387131,-5.4753556,-4.2998276,-6.100465,-4.032802,-9.295194,-6.3382907,-3.3400478,-13.698831,-9.012822,-2.4248765,-2.9028306,-2.4463665,-4.0913086,-5.364824,-7.881485,-8.299092,-4.5728717,2.4577522,0.93557334,-5.0462837,-2.7198317,-3.768913,-2.8505435,-2.9636931,-8.346396,-6.7902107,-2.7292333,Yaman
-322.4211,196.05035,-3.7626064,13.247465,16.213816,-4.609804,-3.3589609,-3.8655572,-1.6431472,-3.6294656,-9.120977,-5.7926593,-3.9717793,-3.677881,-3.154628,-4.8110757,-4.361582,-8.248305,-7.2824736,-5.1480303,-12.469217,-11.948522,-5.515442,-3.9565263,-4.374847,-4.126247,-2.8663194,-4.574668,-7.663863,-6.884533,-0.9128003,3.7554421,1.5668852,-1.053033,-2.8016293,-4.3673587,-4.3081613,-6.296567,-8.021276,-4.447617,Yaman
-267.70996,127.02844,17.275867,14.657045,-4.6480527,1.7464387,-7.9060884,-0.41365817,-6.5498743,-3.6367812,-5.747529,-1.6199083,-4.141669,-2.139554,-5.522396,-3.889308,-7.14607,-4.419644,-7.580234,-0.82220876,-6.9977508,-7.581287,-7.616589,-3.4034927,-7.2859235,-1.9634407,-2.676361,-1.3037565,-5.0193515,-2.810432,-6.6878967,-1.8122433,-4.3815436,-2.1682367,-4.2979035,-2.8533485,-4.7583656,-2.2368104,-5.382068,-3.761618,Yaman
-271.84573,129.3414,18.449894,15.606503,-4.91431,2.6609359,-8.345891,-1.8220745,-7.7412157,-3.8172638,-6.2333164,-1.7355182,-4.7680883,-2.2800133,-6.310685,-3.9389462,-6.953213,-4.076488,-7.6190643,-0.059113823,-6.3947315,-5.7864633,-6.346664,-2.292224,-8.197792,-3.2109678,-3.5884311,-2.1334178,-6.0486073,-2.8046196,-6.724502,-0.82507133,-4.4420986,-1.6326174,-3.8976927,-2.0358562,-4.331008,-1.7393799,-4.772116,-2.6413527,Yaman
-283.39517,125.729805,15.148933,13.167132,-6.9213986,0.6331383,-10.127786,-1.873282,-7.42212,-3.8096912,-5.9748025,-1.7196894,-5.016143,-3.0429182,-5.372967,-3.0701544,-6.178086,-3.9501696,-7.111023,0.67964,-6.214651,-5.248471,-4.5326195,-0.525073,-7.310546,-2.932592,-3.2738078,-1.5270778,-4.5816445,-1.1730887,-5.654537,-0.8335303,-5.363154,-2.9992352,-4.015946,-1.4889944,-3.3592272,-1.1116868,-3.8781466,-1.4163378,Yaman
-337.9933,204.6701,-11.775975,15.940644,11.905199,-9.645728,-11.153476,-10.856479,-7.273882,-8.351883,-6.355444,-5.9337897,-9.302864,-7.1563783,-6.9537826,-7.286261,-3.1012304,-6.2191777,-1.3847964,3.9601302,-3.0451303,-3.8779259,-4.760991,-6.1470737,-1.5102973,-0.34412065,-6.5324917,-11.980219,-7.778775,-0.46340007,1.3304222,-1.8416381,-4.8893976,-2.4397006,-0.91907483,-3.734448,-0.68278897,1.4786123,-2.2486038,-4.7872124,Yaman
-305.73993,168.67577,10.002285,10.283092,10.364702,-4.1561465,-14.2408695,-11.349399,-6.4036965,-11.781518,-12.573465,-5.1415806,-8.712493,-9.536896,-7.510813,-6.1336675,-1.6870279,-3.9549465,-4.108815,-1.650669,-2.800597,-1.344445,1.3181634,1.81483,1.2428921,0.7743124,-2.8682475,-12.003858,-12.500316,-3.9712114,2.2633805,4.212638,-2.073422,-5.328126,-3.643421,-2.9042637,0.46900696,-1.9692587,-9.120805,-7.793017,Yaman
-320.3351,213.25778,-4.753344,11.70536,15.703896,-9.41663,-11.255745,-12.784594,-10.197812,-10.390823,-9.39095,-5.788315,-8.817781,-8.062183,-6.292553,-7.4721727,-5.5644064,-7.788565,-5.3404903,-1.1287838,-6.930683,-5.8773932,0.04891557,-2.4109714,-2.1856968,2.2512722,-4.037307,-12.8670225,-8.949559,-1.0773909,2.7058206,1.1863219,-4.6539664,-5.697874,-2.946617,-2.3890257,-2.031452,-4.49273,-6.917742,-4.160725,Yaman
-276.6474,176.9656,1.520659,10.587629,4.121758,-6.670494,-6.582535,-8.169457,-10.311577,-9.99881,-11.724618,-7.79371,-7.4371448,-7.133302,2.3667562,3.623101,5.033552,3.7447717,-8.754462,-15.263726,-16.740452,-10.873684,-0.27661303,-2.034004,-6.394229,-7.2275634,-8.778648,-7.142805,-7.651665,-5.3514566,4.860675,10.44075,3.420157,-0.65150785,1.9698611,-2.3891737,-12.785286,-10.690614,-0.24968433,-3.9860878,Yaman
-352.22156,196.20447,1.5011742,6.2735977,8.994185,-4.2923465,-2.863708,-7.381641,-14.510427,-14.544341,-13.095387,0.14871754,3.4840055,-0.9967835,1.8948052,-0.30736974,-3.564131,-3.7559686,-7.0330596,-11.82014,-19.573671,-13.544943,-0.64249176,1.3386693,-2.2152073,-3.3775241,-5.3903604,-6.5315614,-6.7844777,-4.857223,3.6164165,4.577993,-1.2507502,-1.2757093,0.84490436,-2.468475,-4.737401,-6.6631284,-6.838481,-2.835129,Yaman
-397.91248,204.08678,-2.131299,4.077874,3.5838785,-2.0258594,2.0870638,-6.6947064,-13.712113,-17.02785,-11.586085,8.805871,11.848186,3.6703591,-3.535253,-10.794972,-13.229097,-7.669471,-2.8393848,-10.832871,-22.736166,-12.115463,5.088764,7.4902587,2.7117863,1.9933953,-3.1665123,-10.630637,-8.96062,1.9697763,7.5648174,-2.6576188,-9.058298,-2.976519,-1.5182707,-0.10384924,5.3759403,-2.657925,-9.786282,-3.4512906,Yaman
