Mel_Features,Ragas
"[[-80.       -80.       -80.       ... -80.       -80.       -80.      ]
 [-80.       -80.       -80.       ... -80.       -80.       -80.      ]
 [-80.       -80.       -80.       ... -80.       -80.       -80.      ]
 ...
 [-80.       -80.       -76.47342  ... -80.       -80.       -80.      ]
 [-80.       -75.09404  -71.37531  ... -80.       -80.       -80.      ]
 [-43.070644 -42.294987 -40.96685  ... -80.       -80.       -80.      ]]",Asavari
"[[-51.817776 -43.859947 -44.125637 ... -75.1752   -76.51297  -80.      ]
 [-57.272243 -47.060204 -45.76041  ... -78.036835 -78.49899  -80.      ]
 [-63.866203 -55.767666 -46.357273 ... -80.       -80.       -80.      ]
 ...
 [-50.73642  -50.22885  -52.584976 ... -80.       -80.       -80.      ]
 [-67.47986  -65.658714 -58.542908 ... -80.       -80.       -80.      ]
 [-56.3709   -51.551765 -45.571007 ... -80.       -80.       -80.      ]]",Asavari
"[[-51.817947 -43.86024  -44.12513  ... -75.21405  -76.5401   -80.      ]
 [-57.272957 -47.060192 -45.759644 ... -78.09375  -78.53984  -80.      ]
 [-63.86534  -55.76777  -46.35723  ... -80.       -80.       -80.      ]
 ...
 [-50.736626 -50.2288   -52.585    ... -80.       -80.       -80.      ]
 [-67.47769  -65.655975 -58.543633 ... -80.       -80.       -80.      ]
 [-56.369766 -51.552055 -45.570934 ... -80.       -80.       -80.      ]]",Asavari
"[[-80.       -80.       -80.       ... -80.       -80.       -80.      ]
 [-80.       -80.       -80.       ... -80.       -80.       -80.      ]
 [-80.       -80.       -80.       ... -80.       -80.       -80.      ]
 ...
 [-76.21242  -65.95232  -65.35213  ... -80.       -80.       -80.      ]
 [-64.12906  -62.265274 -63.0999   ... -80.       -80.       -80.      ]
 [-50.881752 -51.498047 -54.22277  ... -65.57466  -65.388596 -66.517494]]",Asavari
"[[-57.024597 -56.77346  -56.285725 ... -80.       -80.       -80.      ]
 [-54.822166 -54.526962 -54.300636 ... -80.       -80.       -80.      ]
 [-55.643303 -55.42355  -54.889244 ... -80.       -80.       -80.      ]
 ...
 [-80.       -80.       -80.       ... -80.       -80.       -80.      ]
 [-80.       -80.       -80.       ... -80.       -80.       -80.      ]
 [-42.748077 -42.565742 -42.441463 ... -77.311646 -76.94997  -77.98329 ]]",Asavari
"[[-33.680416 -37.27395  -47.551163 ... -64.90968  -71.90509  -80.      ]
 [-33.631096 -35.416267 -46.78404  ... -66.26168  -71.88348  -80.      ]
 [-37.496563 -40.29138  -45.34027  ... -70.0807   -71.274635 -80.      ]
 ...
 [-26.398003 -35.54647  -47.372032 ... -74.38021  -76.58113  -80.      ]
 [-29.07627  -41.112747 -41.194386 ... -73.385376 -77.487946 -80.      ]
 [-31.823769 -37.637905 -40.808006 ... -73.312706 -76.48672  -80.      ]]",Asavari
"[[-32.7102   -41.262222 -42.870434 ... -71.55552  -73.600464 -80.      ]
 [-32.642952 -42.585133 -44.43811  ... -72.422195 -72.98387  -80.      ]
 [-33.437126 -36.678745 -41.534576 ... -72.39674  -73.05952  -80.      ]
 ...
 [-20.7837   -37.132584 -35.019043 ... -68.63212  -72.28521  -80.      ]
 [-20.05894  -26.574047 -31.083515 ... -67.36619  -71.71453  -80.      ]
 [-13.460224 -17.470806 -28.909557 ... -68.04942  -70.86562  -79.0299  ]]",Asavari
"[[-37.54783  -39.041534 -42.706795 ... -66.80016  -64.5691   -71.90904 ]
 [-33.985527 -33.968678 -40.46141  ... -64.10326  -64.48495  -74.08374 ]
 [-32.750843 -30.097893 -40.671665 ... -63.592686 -65.64298  -77.61975 ]
 ...
 [-33.822266 -32.2697   -37.548122 ... -68.51275  -71.315674 -79.765205]
 [-33.43138  -39.62506  -38.49304  ... -69.140015 -69.4975   -79.583275]
 [-35.101105 -34.65414  -37.316616 ... -66.24208  -66.548935 -70.2441  ]]",Asavari
"[[-33.080997 -33.94741  -38.959167 ... -64.50787  -63.98365  -72.76258 ]
 [-33.23273  -35.45163  -39.8961   ... -65.30939  -64.96608  -74.08064 ]
 [-39.128906 -40.00376  -43.13671  ... -67.35065  -67.23386  -76.39076 ]
 ...
 [-35.367004 -44.631836 -47.05757  ... -70.62724  -73.206    -80.      ]
 [-37.07523  -38.379948 -46.85442  ... -69.46997  -70.15202  -80.      ]
 [-30.546288 -33.644672 -33.34927  ... -69.49329  -69.65323  -80.      ]]",Asavari
"[[-33.080666 -33.94732  -38.958466 ... -64.45318  -63.98816  -72.768196]
 [-33.232376 -35.451714 -39.89555  ... -65.27708  -64.96455  -74.09378 ]
 [-39.128593 -40.00342  -43.136932 ... -67.33283  -67.22611  -76.37191 ]
 ...
 [-35.36695  -44.631348 -47.057495 ... -70.62864  -73.136505 -80.      ]
 [-37.07495  -38.378937 -46.85226  ... -69.52431  -70.09511  -80.      ]
 [-30.545918 -33.64457  -33.349205 ... -69.496544 -69.58759  -80.      ]]",Asavari
"[[-29.319742 -27.654703 -25.468092 ... -54.67655  -52.157684 -70.28892 ]
 [-29.667847 -31.169538 -30.49941  ... -55.412773 -53.522873 -67.84916 ]
 [-28.641203 -32.394104 -27.038128 ... -55.16723  -55.438446 -67.75118 ]
 ...
 [-33.9597   -33.15795  -37.070267 ... -59.166634 -60.848846 -79.25874 ]
 [-30.360277 -35.055393 -35.67691  ... -59.723213 -61.22554  -75.200714]
 [-30.181946 -29.725567 -33.01351  ... -58.02456  -59.19438  -71.876564]]",Bageshree
"[[-31.24744  -30.924076 -34.01985  ... -61.486237 -62.51101  -80.      ]
 [-30.144323 -32.41176  -34.32993  ... -61.060173 -60.32901  -77.13243 ]
 [-34.463768 -30.385883 -34.175842 ... -58.133507 -57.24861  -76.857346]
 ...
 [-31.748661 -37.5443   -36.73214  ... -64.08556  -68.908356 -80.      ]
 [-31.627249 -34.46486  -35.40016  ... -65.884384 -70.61808  -80.      ]
 [-32.029373 -36.1176   -32.91485  ... -65.75903  -67.54863  -74.96992 ]]",Bageshree
"[[-27.341362 -33.702366 -41.67923  ... -73.43167  -75.563896 -80.      ]
 [-27.2872   -34.737385 -40.445522 ... -70.30503  -72.08482  -80.      ]
 [-31.585896 -39.750893 -43.51092  ... -70.93041  -72.29256  -80.      ]
 ...
 [-30.90517  -34.846573 -38.73448  ... -63.639156 -68.86705  -80.      ]
 [-32.56654  -34.319183 -39.24579  ... -65.93302  -71.8737   -80.      ]
 [-32.771446 -36.61294  -39.01435  ... -66.54376  -71.243225 -80.      ]]",Bageshree
"[[-35.14525  -41.535503 -36.61875  ... -73.41772  -75.79236  -80.      ]
 [-31.80506  -36.90674  -36.789207 ... -77.77197  -79.007545 -80.      ]
 [-35.032463 -40.76773  -41.7452   ... -78.668    -80.       -80.      ]
 ...
 [-32.10915  -31.607403 -33.342804 ... -70.49947  -73.65466  -80.      ]
 [-31.228214 -31.309492 -34.408722 ... -70.299484 -74.55577  -80.      ]
 [-32.25994  -36.49843  -38.64129  ... -70.80291  -73.497    -78.42422 ]]",Bageshree
"[[-21.399965 -25.71108  -29.318996 ... -60.392952 -58.37944  -72.71368 ]
 [-19.583143 -22.842455 -32.67405  ... -60.180435 -60.077126 -74.41539 ]
 [-18.017363 -25.707895 -35.596745 ... -60.351334 -60.276726 -75.45902 ]
 ...
 [-30.814692 -28.579838 -29.3031   ... -59.170105 -61.106224 -76.85017 ]
 [-30.685009 -31.441917 -30.264734 ... -57.4169   -58.811996 -75.48404 ]
 [-29.455854 -32.051605 -29.69376  ... -57.726326 -59.66452  -75.621864]]",Bageshree
"[[-80.       -80.       -80.       ... -80.       -80.       -80.      ]
 [-80.       -80.       -80.       ... -80.       -80.       -80.      ]
 [-80.       -80.       -80.       ... -80.       -80.       -80.      ]
 ...
 [-80.       -80.       -80.       ... -80.       -80.       -80.      ]
 [-70.068924 -77.953964 -80.       ... -80.       -80.       -80.      ]
 [-59.138927 -55.241577 -52.052982 ... -58.8248   -58.701134 -59.86378 ]]",Bageshree
"[[-80.       -80.       -78.08386  ... -80.       -80.       -80.      ]
 [-80.       -80.       -79.5464   ... -80.       -80.       -80.      ]
 [-80.       -80.       -78.67134  ... -80.       -80.       -80.      ]
 ...
 [-80.       -80.       -80.       ... -80.       -80.       -80.      ]
 [-80.       -80.       -79.36287  ... -80.       -80.       -80.      ]
 [-42.881157 -42.66982  -42.529724 ... -70.43036  -70.36729  -71.60072 ]]",Bageshree
"[[-36.58419  -33.9841   -42.98365  ... -66.25572  -66.277054 -77.705   ]
 [-29.10104  -31.779083 -47.158813 ... -68.33801  -69.53175  -80.      ]
 [-29.482054 -32.740387 -49.028786 ... -68.95524  -70.4554   -80.      ]
 ...
 [-39.208775 -40.597885 -42.379444 ... -72.777336 -77.85375  -80.      ]
 [-38.47711  -39.077797 -44.688507 ... -72.370346 -77.46283  -80.      ]
 [-38.866276 -39.566036 -41.8664   ... -73.609116 -77.70079  -80.      ]]",Bageshree
"[[-35.386555 -37.312344 -45.1287   ... -65.4197   -64.74516  -76.411896]
 [-33.003887 -39.89789  -41.588173 ... -68.786934 -69.977936 -79.5047  ]
 [-31.428486 -34.4619   -34.619293 ... -69.43634  -72.16067  -80.      ]
 ...
 [-32.05082  -35.28823  -42.407806 ... -68.02151  -70.26546  -80.      ]
 [-31.364952 -36.323006 -42.13587  ... -66.511604 -69.68175  -80.      ]
 [-33.946095 -32.666687 -41.46158  ... -67.259766 -69.78379  -80.      ]]",Bageshree
"[[-33.878456 -36.390778 -40.60176  ... -60.404194 -60.03573  -67.62549 ]
 [-33.804604 -33.741234 -42.625713 ... -61.0685   -62.721134 -68.56472 ]
 [-34.64543  -35.533512 -43.60558  ... -59.910126 -64.98352  -75.089966]
 ...
 [-18.71085  -19.296507 -23.980549 ... -30.290565 -31.218025 -42.92124 ]
 [-23.069935 -23.53039  -25.822975 ... -28.973858 -30.842724 -44.12486 ]
 [-21.284416 -23.6121   -27.335175 ... -31.702076 -33.277626 -48.122974]]",Bageshree
"[[-31.058615 -33.476685 -41.73566  ... -72.74185  -74.98178  -80.      ]
 [-30.453682 -33.41404  -39.93289  ... -72.3789   -74.564804 -80.      ]
 [-29.613867 -34.884857 -38.598793 ... -71.13683  -73.53963  -80.      ]
 ...
 [-30.06675  -38.379585 -42.733727 ... -66.31021  -69.16775  -79.8596  ]
 [-31.687275 -40.626465 -37.33847  ... -64.29613  -67.3555   -77.48539 ]
 [-33.945866 -34.39711  -34.65822  ... -62.258675 -63.343513 -65.73297 ]]",Bageshree
"[[-28.188963 -32.103855 -41.911766 ... -65.54129  -68.906364 -80.      ]
 [-31.233051 -34.281223 -39.88932  ... -65.44116  -69.397964 -80.      ]
 [-37.209713 -36.74489  -38.30507  ... -64.72064  -66.599014 -80.      ]
 ...
 [-34.553925 -35.92205  -43.108765 ... -54.285366 -58.29904  -64.84038 ]
 [-35.351192 -40.19787  -44.821075 ... -53.667587 -57.20235  -65.126114]
 [-32.833145 -39.20047  -36.540703 ... -51.242004 -54.936913 -58.46286 ]]",Bageshree
"[[-61.360268 -56.321144 -39.66576  ... -80.       -80.       -80.      ]
 [-62.719315 -53.637512 -39.98358  ... -80.       -80.       -80.      ]
 [-60.93008  -51.958603 -40.664124 ... -80.       -80.       -80.      ]
 ...
 [-62.524685 -56.152496 -40.87715  ... -77.84117  -80.       -80.      ]
 [-47.952885 -45.68711  -39.36861  ... -79.81661  -80.       -80.      ]
 [-37.451797 -36.009525 -33.89657  ... -77.089874 -78.459145 -80.      ]]",Bhairava
"[[-44.36446  -31.86755  -26.846346 ... -80.       -80.       -80.      ]
 [-37.672203 -28.349695 -23.318958 ... -80.       -80.       -80.      ]
 [-38.192223 -33.643276 -25.09369  ... -80.       -80.       -80.      ]
 ...
 [-43.047184 -34.876953 -33.276672 ... -80.       -80.       -80.      ]
 [-44.478363 -39.97179  -36.341705 ... -80.       -80.       -80.      ]
 [-49.040367 -44.309563 -37.04732  ... -74.145454 -74.041405 -75.1651  ]]",Bhairava
"[[-61.459892 -52.958004 -39.803947 ... -79.01676  -80.       -80.      ]
 [-58.727108 -50.762012 -42.018238 ... -80.       -80.       -80.      ]
 [-59.617615 -50.118736 -45.515686 ... -80.       -80.       -80.      ]
 ...
 [-60.19354  -49.98299  -39.269337 ... -80.       -80.       -80.      ]
 [-45.694057 -44.262154 -38.78068  ... -79.16365  -80.       -80.      ]
 [-36.798794 -35.771103 -33.54741  ... -71.67643  -73.4271   -79.42705 ]]",Bhairava
"[[-61.570396 -54.663025 -37.07494  ... -80.       -80.       -80.      ]
 [-65.672455 -58.41423  -39.41653  ... -80.       -80.       -80.      ]
 [-66.2554   -55.81259  -39.666447 ... -80.       -80.       -80.      ]
 ...
 [-63.547283 -53.79605  -40.650124 ... -80.       -80.       -80.      ]
 [-55.756577 -52.675415 -41.223167 ... -80.       -80.       -80.      ]
 [-32.66505  -32.18372  -29.156307 ... -67.20967  -67.073074 -68.36516 ]]",Bhairava
"[[-67.32573  -55.730816 -47.74469  ... -79.64316  -80.       -80.      ]
 [-66.175415 -56.851807 -49.05086  ... -78.77957  -80.       -80.      ]
 [-66.300896 -58.37917  -47.472725 ... -78.21159  -80.       -80.      ]
 ...
 [-63.329662 -56.452515 -42.55435  ... -80.       -80.       -80.      ]
 [-53.904495 -49.477787 -39.44833  ... -72.49895  -72.41322  -73.62741 ]
 [-42.0491   -37.21495  -32.518936 ... -57.33715  -57.19333  -58.237194]]",Bhairava
"[[-63.2565   -54.182755 -46.961956 ... -80.       -80.       -80.      ]
 [-61.54604  -55.786835 -45.57841  ... -80.       -80.       -80.      ]
 [-60.114525 -52.011894 -42.581062 ... -80.       -80.       -80.      ]
 ...
 [-62.18453  -53.81998  -38.43523  ... -78.64933  -80.       -80.      ]
 [-56.809788 -50.80899  -37.993076 ... -58.889725 -58.889587 -60.016006]
 [-48.146805 -44.943436 -39.081604 ... -52.225327 -52.232895 -53.293137]]",Bhairava
"[[-64.24225  -54.62188  -35.73933  ... -77.609665 -79.756325 -80.      ]
 [-63.161472 -56.22664  -38.197495 ... -80.       -80.       -80.      ]
 [-63.849586 -54.47834  -42.46949  ... -80.       -80.       -80.      ]
 ...
 [-66.203995 -56.219467 -43.731327 ... -74.72187  -77.41597  -80.      ]
 [-61.96341  -54.92228  -45.114635 ... -78.33597  -80.       -80.      ]
 [-37.252014 -36.84109  -36.303596 ... -71.950584 -72.514175 -73.94341 ]]",Bhairava
"[[-63.189743 -54.773422 -42.42634  ... -80.       -80.       -80.      ]
 [-61.390865 -54.70455  -43.63096  ... -80.       -80.       -80.      ]
 [-62.068798 -56.826546 -42.681404 ... -80.       -80.       -80.      ]
 ...
 [-61.382378 -55.32746  -40.11737  ... -76.110306 -80.       -80.      ]
 [-61.32726  -53.66201  -42.389732 ... -75.84268  -77.13081  -79.285995]
 [-47.909378 -45.45285  -43.762165 ... -60.967968 -60.795048 -61.97029 ]]",Bhairava
"[[-42.556927 -35.534233 -30.774033 ... -80.       -80.       -80.      ]
 [-43.45214  -39.072624 -31.568068 ... -80.       -80.       -80.      ]
 [-49.151443 -35.61144  -30.042223 ... -80.       -80.       -80.      ]
 ...
 [-28.508608 -23.98492  -15.043392 ... -73.297424 -70.80326  -80.      ]
 [-31.957447 -26.925209 -21.477888 ... -64.38492  -63.595642 -65.38035 ]
 [-38.645386 -37.872402 -30.635412 ... -57.227818 -56.918846 -58.126324]]",Bhairava
"[[-47.160286 -31.917564 -27.24043  ... -80.       -80.       -80.      ]
 [-44.03489  -27.10903  -25.966599 ... -80.       -80.       -80.      ]
 [-43.664192 -26.87872  -23.665607 ... -80.       -80.       -80.      ]
 ...
 [-39.282394 -35.000496 -30.329105 ... -80.       -80.       -80.      ]
 [-41.560547 -33.48852  -27.677408 ... -80.       -80.       -80.      ]
 [-39.91023  -34.11502  -27.267773 ... -76.072464 -76.01016  -77.224915]]",Bhairava
"[[-58.956707 -52.477367 -58.52135  ... -80.       -80.       -80.      ]
 [-59.404404 -51.67784  -55.649315 ... -80.       -80.       -80.      ]
 [-57.975273 -50.942043 -55.763012 ... -80.       -80.       -80.      ]
 ...
 [-46.85046  -48.310883 -49.960472 ... -72.25548  -78.208954 -80.      ]
 [-45.335953 -49.925526 -52.235565 ... -72.14218  -77.97432  -80.      ]
 [-45.307446 -47.25637  -53.11787  ... -67.27941  -68.2148   -69.34233 ]]",Bhairava
"[[-46.69211  -40.939854 -46.179348 ... -64.31229  -80.       -80.      ]
 [-50.344162 -46.040714 -49.779198 ... -66.393845 -80.       -80.      ]
 [-54.084293 -50.590965 -52.29926  ... -70.99053  -80.       -80.      ]
 ...
 [-57.53041  -50.48385  -54.84536  ... -79.29538  -80.       -80.      ]
 [-61.94426  -53.154896 -61.318565 ... -79.94032  -80.       -80.      ]
 [-51.372147 -49.994286 -46.30767  ... -80.       -80.       -80.      ]]",Bhairava
"[[-46.69211  -40.939854 -46.179348 ... -64.31229  -80.       -80.      ]
 [-50.344162 -46.040714 -49.779198 ... -66.393845 -80.       -80.      ]
 [-54.084293 -50.590965 -52.29926  ... -70.99053  -80.       -80.      ]
 ...
 [-57.53041  -50.48385  -54.84536  ... -79.29538  -80.       -80.      ]
 [-61.94426  -53.154896 -61.318565 ... -79.94032  -80.       -80.      ]
 [-51.372147 -49.994286 -46.30767  ... -80.       -80.       -80.      ]]",Bhairava
"[[-48.981094 -46.697063 -52.531975 ... -66.10033  -73.736435 -75.07825 ]
 [-55.549294 -51.037445 -55.422935 ... -64.22803  -76.16896  -79.68735 ]
 [-54.334183 -48.776264 -52.494423 ... -63.919533 -76.84572  -80.      ]
 ...
 [-36.580963 -37.26136  -40.192604 ... -79.58977  -80.       -80.      ]
 [-39.91035  -43.807358 -48.79663  ... -77.188    -80.       -80.      ]
 [-38.42425  -36.63015  -36.96124  ... -62.85153  -62.85196  -64.03978 ]]",Bhairava
"[[-40.17767  -43.748314 -47.477356 ... -59.230083 -80.       -80.      ]
 [-40.924465 -44.50208  -50.216885 ... -60.890602 -80.       -80.      ]
 [-42.76008  -45.748337 -48.326225 ... -62.30068  -80.       -80.      ]
 ...
 [-48.852295 -48.681255 -52.024452 ... -68.979935 -67.58475  -80.      ]
 [-48.753128 -42.21529  -44.44213  ... -62.397923 -61.643898 -80.      ]
 [-46.95118  -38.322136 -42.63195  ... -58.947273 -60.167572 -66.39116 ]]",Bhairava
"[[-52.29271  -52.7479   -56.544147 ... -70.404076 -70.616806 -75.85912 ]
 [-53.063538 -51.841858 -52.787624 ... -63.253254 -71.1642   -79.612686]
 [-44.156235 -44.990612 -43.3603   ... -45.9655   -50.696075 -63.108772]
 ...
 [-54.95247  -47.437416 -45.838795 ... -77.232086 -80.       -80.      ]
 [-56.336693 -48.591633 -46.344822 ... -79.18591  -80.       -80.      ]
 [-49.3564   -48.97103  -43.958954 ... -67.21338  -67.40451  -68.491196]]",Bhairava
"[[-59.276375 -53.008324 -49.07885  ... -80.       -80.       -80.      ]
 [-59.202873 -51.951466 -48.80871  ... -78.68679  -80.       -80.      ]
 [-56.93231  -52.578842 -51.899998 ... -77.478035 -80.       -80.      ]
 ...
 [-56.43863  -48.025116 -49.977165 ... -80.       -79.08176  -80.      ]
 [-57.567863 -50.849464 -53.541172 ... -80.       -77.67407  -80.      ]
 [-57.359116 -54.662033 -49.052868 ... -74.717316 -73.98945  -76.508865]]",Bhairava
"[[-56.168343 -53.709717 -49.134197 ... -80.       -80.       -80.      ]
 [-54.72576  -51.298656 -50.907364 ... -80.       -80.       -80.      ]
 [-55.43982  -48.681976 -48.444374 ... -80.       -80.       -80.      ]
 ...
 [-41.63233  -31.923393 -33.58546  ... -71.77775  -73.828964 -80.      ]
 [-43.49996  -33.62301  -34.54971  ... -70.57132  -72.386314 -80.      ]
 [-39.417614 -35.635254 -33.03488  ... -62.237617 -62.266624 -63.890278]]",Bhairava
"[[-59.31144  -39.447433 -40.67959  ... -72.62657  -80.       -80.      ]
 [-54.616257 -40.661263 -42.843052 ... -73.71608  -80.       -80.      ]
 [-53.873642 -42.281322 -43.72074  ... -73.149994 -80.       -80.      ]
 ...
 [-48.45906  -40.860733 -43.308754 ... -76.17566  -80.       -80.      ]
 [-45.72059  -42.08792  -43.59686  ... -75.08943  -80.       -80.      ]
 [-45.41778  -45.751484 -43.577705 ... -66.62079  -67.19704  -68.33101 ]]",Bhairava
"[[-50.837418 -52.142704 -52.537453 ... -76.48756  -74.61325  -80.      ]
 [-52.142887 -48.362633 -48.826576 ... -72.47416  -74.44764  -80.      ]
 [-55.604847 -50.413193 -48.651634 ... -71.831375 -77.1206   -80.      ]
 ...
 [-40.682602 -39.02957  -37.780937 ... -62.440567 -76.60008  -77.82252 ]
 [-34.047375 -36.864765 -35.337475 ... -61.06948  -72.4751   -73.30773 ]
 [-31.664034 -33.15118  -31.203331 ... -63.681046 -73.81197  -74.62821 ]]",Bhairava
"[[-45.5831   -40.70873  -36.52137  ... -58.854637 -71.16605  -77.34532 ]
 [-43.13031  -41.45614  -39.364532 ... -60.144653 -74.1597   -79.893364]
 [-49.928993 -45.88302  -47.5747   ... -61.66196  -71.8419   -76.9543  ]
 ...
 [-41.353695 -39.50501  -35.807163 ... -62.786873 -70.33046  -75.73283 ]
 [-49.38306  -43.62842  -42.90831  ... -61.43182  -69.32494  -74.65694 ]
 [-39.629642 -39.507114 -35.185764 ... -59.59063  -71.6077   -74.614334]]",Bhairava
"[[-50.79627  -45.34754  -46.933292 ... -74.51683  -76.62341  -80.      ]
 [-50.808132 -46.230682 -53.029884 ... -71.753456 -80.       -80.      ]
 [-56.142105 -51.03835  -52.35778  ... -71.86685  -80.       -80.      ]
 ...
 [-63.238052 -53.524784 -54.828182 ... -80.       -80.       -80.      ]
 [-61.15268  -52.926804 -57.952206 ... -80.       -80.       -80.      ]
 [-61.53946  -54.831306 -53.01738  ... -80.       -80.       -80.      ]]",Bhairava
"[[-57.894264 -52.48348  -42.565735 ... -69.18948  -80.       -80.      ]
 [-59.27579  -52.457268 -42.48867  ... -66.58586  -80.       -80.      ]
 [-45.51969  -46.97612  -44.162926 ... -61.99416  -69.99857  -80.      ]
 ...
 [-54.62874  -48.977806 -45.541542 ... -80.       -80.       -80.      ]
 [-56.766773 -53.12998  -47.653168 ... -80.       -78.5935   -80.      ]
 [-43.701508 -41.087555 -38.28076  ... -64.22639  -63.974403 -65.19281 ]]",Bhairava
"[[-49.615307 -43.42591  -50.174767 ... -64.16205  -70.184715 -76.35379 ]
 [-49.793068 -44.8699   -51.71093  ... -62.422047 -73.81233  -75.10522 ]
 [-55.610954 -51.00293  -55.88806  ... -61.766884 -77.85173  -77.617   ]
 ...
 [-57.0979   -51.158592 -58.12771  ... -80.       -80.       -80.      ]
 [-60.867218 -54.308395 -56.96073  ... -80.       -80.       -80.      ]
 [-42.08101  -42.370758 -40.51386  ... -69.55291  -69.400696 -70.913315]]",Bhairava
"[[-52.37485  -47.80407  -47.223724 ... -69.481094 -66.163376 -80.      ]
 [-49.317535 -48.954853 -47.37658  ... -66.26097  -64.62636  -80.      ]
 [-37.82212  -38.912937 -43.93315  ... -56.79516  -64.38362  -78.98735 ]
 ...
 [-57.335106 -51.574005 -61.18727  ... -75.87779  -78.696976 -80.      ]
 [-59.637047 -52.296036 -59.16052  ... -77.93856  -80.       -80.      ]
 [-56.246483 -51.707287 -49.69155  ... -75.66122  -76.82055  -80.      ]]",Bhairava
"[[-58.137657 -51.806133 -54.320305 ... -80.       -80.       -80.      ]
 [-59.36112  -53.44896  -58.018692 ... -80.       -80.       -80.      ]
 [-58.64836  -51.923714 -59.00719  ... -80.       -80.       -80.      ]
 ...
 [-52.074738 -44.018646 -50.8246   ... -78.672424 -80.       -80.      ]
 [-50.88366  -43.70937  -51.342228 ... -78.37668  -80.       -80.      ]
 [-47.4399   -41.309677 -45.802105 ... -75.87706  -77.36636  -78.36966 ]]",Bhairava
"[[-58.137657 -51.806133 -54.320305 ... -80.       -80.       -80.      ]
 [-59.36112  -53.44896  -58.018692 ... -80.       -80.       -80.      ]
 [-58.64836  -51.923714 -59.00719  ... -80.       -80.       -80.      ]
 ...
 [-52.074738 -44.018646 -50.8246   ... -78.672424 -80.       -80.      ]
 [-50.88366  -43.70937  -51.342228 ... -78.37668  -80.       -80.      ]
 [-47.4399   -41.309677 -45.802105 ... -75.87706  -77.36636  -78.36966 ]]",Bhairava
"[[-57.504074 -50.674503 -46.889668 ... -74.30316  -76.847336 -80.      ]
 [-51.22952  -49.36116  -44.334    ... -75.208435 -79.712814 -80.      ]
 [-50.62246  -48.247993 -42.723167 ... -76.335785 -77.892136 -80.      ]
 ...
 [-56.839764 -57.55345  -49.14267  ... -75.63556  -80.       -79.813675]
 [-55.79499  -55.194904 -54.179462 ... -77.42461  -80.       -80.      ]
 [-48.570194 -48.891357 -52.452774 ... -75.62576  -77.68211  -78.10962 ]]",Bhairava
"[[-51.250042 -45.319458 -53.071224 ... -69.88049  -74.921005 -80.      ]
 [-49.807457 -43.86683  -51.500183 ... -67.60833  -77.85092  -80.      ]
 [-51.632286 -44.259308 -50.226173 ... -67.01221  -80.       -80.      ]
 ...
 [-51.036003 -45.21373  -54.368294 ... -68.302666 -71.40332  -80.      ]
 [-54.524506 -48.311363 -53.080727 ... -67.30713  -70.360565 -78.808426]
 [-52.180527 -49.28996  -51.927284 ... -68.19959  -70.97211  -79.70998 ]]",Bhairava
"[[-39.665497 -43.258312 -50.012505 ... -65.19478  -73.856766 -80.      ]
 [-37.030827 -40.68477  -44.6787   ... -64.98088  -75.34513  -80.      ]
 [-36.719536 -41.034283 -46.485447 ... -67.06142  -76.02137  -80.      ]
 ...
 [-33.75572  -42.900475 -44.352272 ... -76.576584 -79.13774  -80.      ]
 [-37.970123 -43.39595  -48.131935 ... -74.76728  -77.7393   -80.      ]
 [-37.071495 -34.763832 -36.42934  ... -66.436935 -67.52623  -68.96619 ]]",Bhairava
"[[-48.51422  -49.83284  -44.430813 ... -74.93199  -76.20009  -80.      ]
 [-47.806522 -47.08705  -45.78297  ... -73.4328   -75.37482  -80.      ]
 [-48.232716 -43.95056  -42.65709  ... -72.76818  -76.63104  -80.      ]
 ...
 [-38.846798 -47.388016 -40.869503 ... -72.82034  -76.29997  -80.      ]
 [-40.171864 -45.115044 -39.590416 ... -73.36386  -76.89047  -80.      ]
 [-42.402405 -44.19217  -37.52496  ... -73.321785 -76.8855   -80.      ]]",Bhairavi
"[[-47.89319  -49.483692 -46.25363  ... -73.46431  -76.73515  -80.      ]
 [-53.766922 -50.720955 -45.399433 ... -72.79454  -77.15394  -80.      ]
 [-51.156006 -48.20331  -39.378128 ... -71.71762  -76.24234  -80.      ]
 ...
 [-42.266415 -45.507206 -37.16165  ... -74.79439  -78.842896 -80.      ]
 [-45.110672 -49.842617 -37.092075 ... -75.416046 -78.124565 -80.      ]
 [-39.21273  -39.962837 -35.940434 ... -76.10398  -78.412155 -80.      ]]",Bhairavi
"[[-41.00969  -41.825348 -31.102974 ... -71.56738  -74.29332  -80.      ]
 [-40.768463 -37.186302 -31.02878  ... -71.22298  -75.251945 -80.      ]
 [-46.252197 -41.365658 -31.195408 ... -71.17294  -76.43562  -80.      ]
 ...
 [-40.205086 -47.791847 -37.690002 ... -71.50726  -74.039    -80.      ]
 [-36.405487 -43.58783  -36.839207 ... -73.639595 -75.61101  -80.      ]
 [-36.29392  -37.556614 -35.86894  ... -71.64603  -73.56016  -78.51723 ]]",Bhairavi
"[[-47.50409  -44.65039  -40.44822  ... -68.57055  -72.24199  -80.      ]
 [-46.991344 -44.333862 -42.24022  ... -70.53717  -72.316605 -80.      ]
 [-49.066673 -45.908417 -40.228348 ... -70.976135 -72.67692  -80.      ]
 ...
 [-44.2732   -39.69286  -40.703552 ... -68.02701  -70.859726 -80.      ]
 [-46.225266 -44.28321  -39.78811  ... -69.16929  -72.89384  -80.      ]
 [-43.553543 -47.42582  -41.68547  ... -67.34302  -71.45358  -78.75215 ]]",Bhairavi
"[[-40.680176 -42.023975 -45.153034 ... -73.19063  -75.599464 -80.      ]
 [-37.339962 -43.25001  -44.882233 ... -73.74989  -75.1406   -80.      ]
 [-37.582756 -41.886093 -46.00107  ... -72.63744  -75.56117  -80.      ]
 ...
 [-46.721912 -41.075336 -43.176685 ... -69.55078  -75.24457  -80.      ]
 [-47.78543  -47.184    -44.478386 ... -69.85716  -75.39499  -80.      ]
 [-46.03409  -45.881985 -43.91612  ... -65.80701  -66.810455 -68.676285]]",Bhairavi
"[[-39.01758  -40.386646 -40.21207  ... -70.91617  -72.092636 -80.      ]
 [-40.98062  -42.58512  -41.777733 ... -69.8526   -72.459    -80.      ]
 [-40.747524 -40.74997  -47.344376 ... -70.143616 -72.14984  -80.      ]
 ...
 [-31.440193 -27.245338 -33.640343 ... -62.75096  -65.80911  -73.75925 ]
 [-32.617947 -27.32571  -32.710228 ... -64.9866   -66.20932  -73.33812 ]
 [-34.51808  -34.95997  -40.543404 ... -59.823048 -60.592762 -64.861435]]",Bhairavi
"[[-43.81092  -45.7346   -45.618263 ... -67.64319  -68.00865  -79.73276 ]
 [-46.281075 -53.39155  -47.561005 ... -66.79956  -67.57585  -79.2829  ]
 [-43.64034  -45.9022   -45.906693 ... -66.03644  -68.538826 -78.20404 ]
 ...
 [-37.81588  -39.84899  -41.24782  ... -76.326645 -77.49754  -80.      ]
 [-39.014107 -41.800488 -42.307426 ... -76.8595   -77.58128  -80.      ]
 [-37.009613 -36.792694 -43.98858  ... -76.13426  -79.43326  -80.      ]]",Bhairavi
"[[-33.193417 -38.61211  -47.274662 ... -65.94535  -71.146225 -80.      ]
 [-37.71576  -44.476074 -46.318245 ... -66.41487  -71.66613  -80.      ]
 [-34.92134  -38.860203 -48.8743   ... -66.49551  -71.05429  -80.      ]
 ...
 [-44.708164 -41.134705 -45.57721  ... -60.418365 -61.06079  -76.278786]
 [-43.614304 -43.36415  -47.2759   ... -61.81996  -63.934067 -79.73784 ]
 [-37.269028 -41.927956 -45.37223  ... -59.336082 -60.41742  -61.667038]]",Bhairavi
"[[-36.678223 -39.586735 -49.415375 ... -74.91794  -78.46952  -80.      ]
 [-28.697021 -36.452934 -46.642467 ... -68.42421  -70.22911  -80.      ]
 [-22.980206 -29.324518 -42.189613 ... -61.481583 -62.826576 -71.36362 ]
 ...
 [-39.089645 -38.87478  -49.08698  ... -68.69603  -72.68493  -80.      ]
 [-38.15294  -39.471397 -45.075222 ... -69.77206  -73.822525 -80.      ]
 [-38.05971  -38.457954 -44.806507 ... -67.55036  -69.1532   -72.44567 ]]",Bhairavi
"[[-36.968353 -37.217155 -42.660984 ... -64.62449  -64.98435  -80.      ]
 [-39.752686 -37.519814 -40.85771  ... -64.32096  -64.52971  -77.42714 ]
 [-47.896297 -44.185814 -43.676895 ... -64.840355 -66.8964   -78.85234 ]
 ...
 [-30.051754 -37.48593  -54.483154 ... -66.44107  -69.08316  -80.      ]
 [-35.45453  -42.496056 -46.79563  ... -68.28601  -69.12412  -80.      ]
 [-32.112595 -34.69449  -38.651733 ... -70.745674 -71.556435 -80.      ]]",Bhairavi
"[[-33.524483 -38.95626  -41.87207  ... -72.40263  -72.43056  -80.      ]
 [-33.8191   -39.813175 -42.184616 ... -70.65107  -72.16387  -80.      ]
 [-36.508873 -39.040688 -43.32546  ... -68.23164  -68.37794  -80.      ]
 ...
 [-26.925169 -35.74372  -43.794006 ... -70.13743  -72.99531  -80.      ]
 [-31.04724  -37.386127 -42.366062 ... -71.01153  -72.714676 -80.      ]
 [-35.738407 -42.667862 -41.198635 ... -71.15301  -71.58673  -78.966866]]",Bhoopali
"[[-29.97381  -40.946457 -51.540287 ... -70.69765  -73.87753  -80.      ]
 [-29.64033  -41.89544  -48.075005 ... -70.65215  -72.841255 -80.      ]
 [-29.033936 -41.975    -43.290756 ... -70.77462  -73.19864  -80.      ]
 ...
 [-34.42961  -45.875103 -49.416145 ... -69.13806  -70.71759  -80.      ]
 [-35.904808 -46.13577  -47.946762 ... -68.94499  -69.765564 -79.66218 ]
 [-34.058144 -39.631622 -38.371758 ... -70.59146  -71.26414  -78.821106]]",Bhoopali
"[[-40.595978 -42.817192 -44.848473 ... -77.09973  -77.99231  -80.      ]
 [-38.69758  -39.508118 -39.956627 ... -78.45792  -79.884476 -80.      ]
 [-37.27235  -39.549896 -40.61569  ... -76.40597  -78.69095  -80.      ]
 ...
 [-38.389847 -46.160233 -43.099854 ... -80.       -80.       -80.      ]
 [-33.930775 -43.32666  -42.192314 ... -80.       -80.       -80.      ]
 [-31.66943  -40.421227 -41.8364   ... -73.62227  -73.317276 -74.64859 ]]",Bhoopali
"[[-33.82067  -33.72197  -35.31453  ... -76.25749  -79.0799   -80.      ]
 [-36.195404 -36.381737 -36.734055 ... -77.23091  -78.68232  -80.      ]
 [-43.82242  -38.93014  -39.014038 ... -77.286545 -80.       -80.      ]
 ...
 [-31.440262 -39.215717 -38.808693 ... -74.61072  -73.96651  -80.      ]
 [-33.508377 -40.29976  -41.554707 ... -74.08608  -75.01924  -80.      ]
 [-42.313805 -38.60468  -38.841232 ... -67.7267   -67.36398  -68.87081 ]]",Bhoopali
"[[-37.127316 -36.014656 -36.291046 ... -80.       -80.       -80.      ]
 [-37.749763 -39.722977 -42.99771  ... -79.82033  -80.       -80.      ]
 [-36.921646 -43.675453 -38.13258  ... -80.       -80.       -80.      ]
 ...
 [-32.36815  -36.033546 -34.58396  ... -79.258224 -76.44411  -80.      ]
 [-35.613327 -37.59935  -35.550667 ... -78.41609  -76.54741  -80.      ]
 [-38.27855  -37.2154   -30.12278  ... -72.96828  -72.80273  -74.7253  ]]",Bhoopali
"[[-80.       -80.       -80.       ... -80.       -80.       -80.      ]
 [-80.       -80.       -79.17003  ... -80.       -80.       -80.      ]
 [-80.       -80.       -77.45653  ... -80.       -80.       -80.      ]
 ...
 [-50.7751   -65.7701   -80.       ... -80.       -80.       -80.      ]
 [-51.132744 -61.76301  -63.914352 ... -80.       -80.       -80.      ]
 [-51.895706 -55.88504  -57.540726 ... -80.       -80.       -80.      ]]",Bhoopali
"[[-51.33937  -51.423607 -48.068382 ... -80.       -80.       -80.      ]
 [-52.49012  -54.11599  -50.211517 ... -80.       -80.       -80.      ]
 [-50.31179  -50.79778  -48.141174 ... -80.       -80.       -80.      ]
 ...
 [-39.36485  -42.47051  -29.148846 ... -80.       -80.       -80.      ]
 [-39.973057 -42.480186 -29.616194 ... -80.       -80.       -80.      ]
 [-45.89668  -47.16464  -31.008324 ... -71.767006 -73.12564  -78.958565]]",Bhoopali
"[[-53.67633  -42.039898 -30.496742 ... -80.       -80.       -80.      ]
 [-48.256042 -35.38145  -31.648039 ... -80.       -80.       -80.      ]
 [-46.550034 -34.311962 -33.71624  ... -80.       -80.       -80.      ]
 ...
 [-60.24408  -41.298508 -39.91837  ... -80.       -80.       -80.      ]
 [-60.346596 -42.799595 -40.672718 ... -80.       -80.       -80.      ]
 [-60.89299  -43.60739  -42.973297 ... -80.       -80.       -80.      ]]",Bhoopali
"[[-71.10029  -48.218224 -42.590046 ... -80.       -80.       -80.      ]
 [-74.23563  -48.58056  -44.217827 ... -80.       -80.       -80.      ]
 [-63.36051  -48.008392 -43.06653  ... -80.       -80.       -80.      ]
 ...
 [-37.643623 -27.675262 -27.101883 ... -80.       -80.       -80.      ]
 [-42.172005 -32.488693 -29.761713 ... -80.       -80.       -80.      ]
 [-39.51826  -35.782066 -32.948296 ... -69.60751  -69.499374 -70.700714]]",Bhoopali
"[[-45.880844 -39.540855 -34.65981  ... -80.       -80.       -80.      ]
 [-43.84214  -38.733185 -34.391445 ... -80.       -80.       -80.      ]
 [-42.985287 -36.457268 -36.819447 ... -80.       -80.       -80.      ]
 ...
 [-70.64703  -44.913956 -45.00105  ... -80.       -80.       -80.      ]
 [-64.74869  -43.892654 -43.182934 ... -80.       -80.       -80.      ]
 [-60.154198 -43.40307  -42.317352 ... -80.       -80.       -80.      ]]",Bhoopali
"[[-48.11773  -49.961304 -42.33743  ... -80.       -80.       -80.      ]
 [-47.736706 -48.924675 -43.600178 ... -80.       -80.       -80.      ]
 [-49.83976  -48.788055 -46.86396  ... -80.       -80.       -80.      ]
 ...
 [-52.1361   -53.149567 -45.76661  ... -80.       -80.       -80.      ]
 [-50.309013 -41.34093  -27.033165 ... -80.       -80.       -80.      ]
 [-27.918964 -26.149948 -17.927565 ... -70.23687  -71.64804  -77.07196 ]]",Bhoopali
"[[-60.083492 -41.733757 -40.886723 ... -80.       -80.       -80.      ]
 [-60.501106 -40.727444 -41.797783 ... -80.       -80.       -80.      ]
 [-62.37937  -41.32736  -41.168816 ... -80.       -80.       -80.      ]
 ...
 [-49.17828  -41.887123 -43.485355 ... -80.       -80.       -80.      ]
 [-46.80141  -41.6102   -44.42142  ... -80.       -80.       -80.      ]
 [-42.54163  -36.520336 -39.538162 ... -80.       -80.       -80.      ]]",Bhoopali
"[[-80.       -77.21449  -71.44449  ... -80.       -80.       -80.      ]
 [-78.19058  -74.71699  -75.93926  ... -80.       -80.       -80.      ]
 [-78.42369  -75.03705  -74.49971  ... -80.       -80.       -80.      ]
 ...
 [-43.768925 -46.12388  -54.215424 ... -80.       -80.       -80.      ]
 [-47.84163  -50.05449  -56.663483 ... -80.       -80.       -80.      ]
 [-43.11876  -43.83883  -51.345886 ... -80.       -80.       -80.      ]]",Bhoopali
"[[-73.1736   -65.56986  -46.832676 ... -80.       -80.       -80.      ]
 [-69.68977  -68.01308  -47.859634 ... -80.       -80.       -80.      ]
 [-66.212105 -68.5326   -48.50367  ... -80.       -80.       -80.      ]
 ...
 [-57.797123 -53.078804 -39.783897 ... -80.       -80.       -80.      ]
 [-60.21935  -53.420982 -38.1986   ... -80.       -80.       -80.      ]
 [-53.777374 -49.240128 -35.032677 ... -76.29788  -76.22807  -77.35486 ]]",Bhoopali
"[[-64.44736  -58.45886  -31.27156  ... -80.       -80.       -80.      ]
 [-70.57691  -64.18321  -30.900469 ... -80.       -80.       -80.      ]
 [-69.16012  -65.89029  -31.837713 ... -80.       -80.       -80.      ]
 ...
 [-43.52095  -51.941505 -53.04316  ... -80.       -80.       -80.      ]
 [-46.345055 -55.353806 -52.80056  ... -80.       -80.       -80.      ]
 [-48.865753 -53.61452  -49.52623  ... -80.       -80.       -80.      ]]",Bhoopali
"[[-37.204647 -39.469315 -26.893248 ... -80.       -80.       -80.      ]
 [-42.96285  -44.89467  -25.228432 ... -80.       -80.       -80.      ]
 [-40.259586 -44.56149  -26.09088  ... -80.       -80.       -80.      ]
 ...
 [-58.336105 -57.112103 -49.493813 ... -80.       -80.       -80.      ]
 [-58.803947 -48.824074 -41.731483 ... -80.       -80.       -80.      ]
 [-37.607162 -35.424496 -37.14541  ... -64.0864   -63.933037 -65.05614 ]]",Bhoopali
"[[-44.3158   -40.59967  -24.599123 ... -80.       -80.       -80.      ]
 [-41.322304 -40.726067 -24.814716 ... -80.       -80.       -80.      ]
 [-40.93494  -41.56279  -25.228813 ... -80.       -80.       -80.      ]
 ...
 [-41.906017 -19.82285  -19.101423 ... -80.       -80.       -80.      ]
 [-44.7602   -23.312864 -21.825588 ... -80.       -80.       -80.      ]
 [-34.819706 -25.533104 -25.747948 ... -79.96447  -80.       -80.      ]]",Bhoopali
"[[-31.57993  -29.926434 -14.69198  ... -80.       -80.       -80.      ]
 [-33.36397  -30.242725 -14.745262 ... -80.       -80.       -80.      ]
 [-31.825    -30.04758  -15.2038   ... -80.       -80.       -80.      ]
 ...
 [-42.879585 -42.921944 -22.081581 ... -80.       -80.       -80.      ]
 [-37.43858  -37.568607 -21.666096 ... -80.       -80.       -80.      ]
 [-30.617727 -29.25511  -20.411125 ... -80.       -80.       -80.      ]]",Bhoopali
"[[-77.804    -77.6053   -70.13858  ... -80.       -80.       -80.      ]
 [-77.818436 -70.591125 -68.87807  ... -80.       -80.       -80.      ]
 [-80.       -69.513    -64.89411  ... -80.       -80.       -80.      ]
 ...
 [-42.722748 -41.5991   -55.907265 ... -80.       -80.       -80.      ]
 [-42.592644 -42.69427  -50.92555  ... -80.       -80.       -80.      ]
 [-46.31002  -48.247726 -45.788933 ... -80.       -80.       -80.      ]]",Bhoopali
"[[-55.690216 -52.620766 -55.911835 ... -80.       -80.       -80.      ]
 [-52.369347 -50.3584   -56.046104 ... -80.       -80.       -80.      ]
 [-51.149918 -51.162407 -54.7891   ... -80.       -80.       -80.      ]
 ...
 [-45.53102  -50.500015 -49.27378  ... -80.       -80.       -80.      ]
 [-50.31665  -48.002342 -51.92604  ... -80.       -80.       -80.      ]
 [-54.508003 -51.287575 -54.256363 ... -71.08914  -70.96666  -72.1333  ]]",Bhoopali
"[[-49.160667 -49.107918 -49.895935 ... -80.       -80.       -80.      ]
 [-44.96485  -46.600304 -51.457115 ... -80.       -80.       -80.      ]
 [-50.08469  -48.589172 -52.623688 ... -80.       -80.       -80.      ]
 ...
 [-53.57647  -53.699947 -52.19754  ... -80.       -80.       -80.      ]
 [-54.990845 -54.65204  -57.427822 ... -80.       -80.       -80.      ]
 [-56.323906 -57.27085  -57.259045 ... -66.147446 -65.993576 -67.13898 ]]",Bhoopali
"[[-53.08448  -53.671738 -51.514084 ... -80.       -80.       -80.      ]
 [-49.075706 -56.09059  -51.165077 ... -80.       -80.       -80.      ]
 [-47.06454  -54.392693 -55.341206 ... -80.       -80.       -80.      ]
 ...
 [-51.523125 -47.63793  -49.945984 ... -80.       -80.       -80.      ]
 [-53.595642 -51.07232  -50.507538 ... -76.822945 -80.       -80.      ]
 [-53.723316 -54.0988   -49.069366 ... -74.74028  -75.95967  -80.      ]]",Bhoopali
"[[-60.083492 -41.733757 -40.886723 ... -80.       -80.       -80.      ]
 [-60.501106 -40.727444 -41.797783 ... -80.       -80.       -80.      ]
 [-62.37937  -41.32736  -41.168816 ... -80.       -80.       -80.      ]
 ...
 [-49.17828  -41.887123 -43.485355 ... -80.       -80.       -80.      ]
 [-46.80141  -41.6102   -44.42142  ... -80.       -80.       -80.      ]
 [-42.54163  -36.520336 -39.538162 ... -80.       -80.       -80.      ]]",Bhoopali
"[[-53.408028 -51.63752  -32.645077 ... -80.       -80.       -80.      ]
 [-46.731247 -47.10535  -32.00784  ... -80.       -80.       -80.      ]
 [-47.22445  -47.096905 -32.242348 ... -80.       -80.       -80.      ]
 ...
 [-61.743423 -48.297974 -31.741348 ... -80.       -80.       -80.      ]
 [-59.394463 -48.4179   -32.55383  ... -80.       -80.       -80.      ]
 [-50.486774 -44.47209  -34.9894   ... -77.49287  -77.357895 -78.44373 ]]",Bhoopali
"[[-44.56716  -41.271244 -33.622334 ... -80.       -80.       -80.      ]
 [-48.221653 -43.789154 -34.508083 ... -80.       -80.       -80.      ]
 [-56.53442  -50.496468 -35.161552 ... -80.       -80.       -80.      ]
 ...
 [-56.148544 -48.217552 -31.98737  ... -80.       -80.       -80.      ]
 [-53.063957 -50.450634 -31.475998 ... -80.       -80.       -80.      ]
 [-41.887848 -41.689865 -34.690025 ... -80.       -80.       -80.      ]]",Bhoopali
"[[-48.564938 -44.114586 -26.410738 ... -80.       -80.       -80.      ]
 [-48.401047 -43.263786 -26.210705 ... -80.       -80.       -80.      ]
 [-50.82467  -43.558685 -26.739008 ... -80.       -80.       -80.      ]
 ...
 [-58.479706 -47.318634 -46.534977 ... -80.       -80.       -80.      ]
 [-49.512558 -47.404808 -42.996784 ... -80.       -80.       -80.      ]
 [-39.991135 -40.19123  -37.842056 ... -71.4781   -71.4698   -72.51593 ]]",Bhoopali
"[[-45.606102 -53.819183 -50.486217 ... -80.       -80.       -80.      ]
 [-47.14435  -57.80385  -54.194878 ... -80.       -80.       -80.      ]
 [-47.755516 -57.215088 -58.527786 ... -80.       -80.       -80.      ]
 ...
 [-55.474632 -60.543213 -40.561028 ... -80.       -80.       -80.      ]
 [-59.10957  -56.31282  -37.24471  ... -80.       -80.       -80.      ]
 [-51.871597 -46.52764  -33.968563 ... -73.095245 -74.56099  -80.      ]]",Bhoopali
"[[-45.606102 -53.819183 -50.486217 ... -80.       -80.       -80.      ]
 [-47.14435  -57.80385  -54.194878 ... -80.       -80.       -80.      ]
 [-47.755516 -57.215088 -58.527786 ... -80.       -80.       -80.      ]
 ...
 [-55.474632 -60.543213 -40.561028 ... -80.       -80.       -80.      ]
 [-59.10957  -56.31282  -37.24471  ... -80.       -80.       -80.      ]
 [-51.871597 -46.52764  -33.968563 ... -73.095245 -74.56099  -80.      ]]",Bhoopali
"[[-34.739136 -28.627712 -12.712426 ... -80.       -80.       -80.      ]
 [-35.152435 -27.950573 -11.952866 ... -80.       -80.       -80.      ]
 [-29.083225 -25.07165  -11.189749 ... -80.       -80.       -80.      ]
 ...
 [-55.69836  -55.044426 -50.961555 ... -80.       -80.       -80.      ]
 [-58.916294 -53.501133 -51.83259  ... -80.       -80.       -80.      ]
 [-45.90735  -41.24418  -40.085197 ... -76.68074  -77.87477  -80.      ]]",Bhoopali
"[[-28.420378 -29.801767 -37.157867 ... -61.608566 -66.06158  -77.691605]
 [-25.796534 -29.428677 -41.92921  ... -64.36969  -69.1855   -78.96246 ]
 [-21.755737 -30.143665 -42.002968 ... -67.181725 -71.71789  -80.      ]
 ...
 [-18.168606 -24.767347 -38.65056  ... -29.125362 -33.91163  -46.96694 ]
 [-16.660858 -24.302591 -32.642754 ... -27.661316 -32.44628  -46.856186]
 [-17.639357 -19.83884  -23.258682 ... -30.496925 -33.99775  -46.410324]]",Bhoopali
"[[-35.879417 -37.661697 -43.683823 ... -73.80589  -73.93807  -80.      ]
 [-35.746452 -38.640476 -46.38156  ... -72.88248  -73.56878  -80.      ]
 [-35.748627 -40.20894  -44.469353 ... -72.31283  -73.834045 -80.      ]
 ...
 [-24.436337 -28.410263 -31.449078 ... -55.633415 -59.726242 -69.333565]
 [-24.514978 -34.19088  -36.83725  ... -61.546288 -63.49981  -73.15528 ]
 [-24.051199 -29.535618 -38.537033 ... -58.563156 -60.334282 -64.30817 ]]",Bhoopali
"[[-35.010403 -37.73539  -41.607304 ... -58.410255 -62.703804 -75.18973 ]
 [-29.97061  -30.308231 -33.409637 ... -59.255035 -64.675125 -75.94139 ]
 [-27.54535  -27.39479  -34.059525 ... -60.626    -68.449814 -75.39213 ]
 ...
 [-34.10652  -33.676968 -40.856644 ... -67.066025 -71.11267  -80.      ]
 [-32.034176 -34.078285 -38.725677 ... -69.63034  -72.56817  -80.      ]
 [-31.260242 -37.14974  -37.494495 ... -60.815155 -61.310783 -73.47529 ]]",Bhoopali
"[[-29.088219 -35.794468 -45.44146  ... -56.603477 -59.930897 -66.71915 ]
 [-29.090912 -34.141533 -40.20096  ... -66.31195  -67.51973  -74.28192 ]
 [-31.970427 -32.98736  -35.30652  ... -69.348175 -72.384125 -80.      ]
 ...
 [-36.935234 -26.701246 -30.219486 ... -60.89196  -61.373623 -74.01904 ]
 [-26.879679 -24.70332  -32.54206  ... -56.584908 -56.54065  -71.325195]
 [-25.461067 -26.878428 -37.22706  ... -60.55195  -61.486176 -74.09752 ]]",Bhoopali
"[[-30.8464   -33.76866  -37.994133 ... -58.004143 -59.995987 -68.70308 ]
 [-26.644543 -29.12059  -37.283054 ... -58.303574 -60.866776 -70.9281  ]
 [-21.256828 -23.580774 -35.272614 ... -59.91824  -65.24339  -73.996216]
 ...
 [-28.86547  -32.673477 -35.584644 ... -64.42636  -68.595825 -80.      ]
 [-30.67295  -34.840546 -39.394333 ... -64.65467  -69.120865 -80.      ]
 [-35.349915 -33.749275 -37.783752 ... -67.90015  -69.54207  -78.7686  ]]",Bhoopali
"[[-49.588463 -56.408997 -26.958803 ... -80.       -80.       -80.      ]
 [-52.789536 -57.976162 -27.101707 ... -80.       -80.       -80.      ]
 [-53.354828 -56.060143 -27.492748 ... -80.       -80.       -80.      ]
 ...
 [-40.867287 -48.812126 -52.007195 ... -80.       -80.       -80.      ]
 [-46.796577 -54.587986 -45.551987 ... -80.       -80.       -80.      ]
 [-40.118584 -39.043713 -36.4861   ... -77.34724  -78.710236 -80.      ]]",Bhoopali
"[[-46.705265 -54.44332  -46.400875 ... -80.       -80.       -80.      ]
 [-45.948208 -50.784187 -44.411896 ... -80.       -80.       -80.      ]
 [-47.51451  -49.39997  -43.03564  ... -80.       -80.       -80.      ]
 ...
 [-39.032906 -36.326378 -20.115273 ... -80.       -80.       -80.      ]
 [-39.46672  -35.871243 -20.602295 ... -73.08505  -72.91922  -74.11597 ]
 [-33.2522   -29.398788 -21.721111 ... -62.23887  -62.098774 -63.205917]]",Bhoopali
"[[-46.29599  -42.887955 -33.103367 ... -80.       -80.       -80.      ]
 [-42.519093 -42.90482  -40.424324 ... -80.       -80.       -80.      ]
 [-41.86901  -46.1166   -38.11313  ... -80.       -80.       -80.      ]
 ...
 [-45.900978 -47.212837 -21.997458 ... -80.       -80.       -80.      ]
 [-49.005272 -54.31939  -20.737938 ... -80.       -80.       -80.      ]
 [-42.518986 -41.82707  -20.623203 ... -80.       -80.       -80.      ]]",Bhoopali
"[[-51.000816 -49.737633 -37.835457 ... -80.       -80.       -80.      ]
 [-52.375008 -47.655197 -37.460236 ... -80.       -80.       -80.      ]
 [-53.333126 -47.369057 -37.578663 ... -80.       -80.       -80.      ]
 ...
 [-49.79466  -55.973267 -36.44655  ... -80.       -80.       -80.      ]
 [-48.51079  -50.024574 -35.001102 ... -80.       -80.       -80.      ]
 [-35.618706 -34.396408 -31.564722 ... -65.62293  -65.44756  -66.53604 ]]",Bhoopali
"[[-38.876274 -30.227182 -14.011484 ... -80.       -80.       -80.      ]
 [-34.478996 -30.773525 -14.63209  ... -80.       -80.       -80.      ]
 [-37.265    -31.539795 -14.777717 ... -80.       -80.       -80.      ]
 ...
 [-36.38404  -37.728024 -27.437864 ... -80.       -80.       -80.      ]
 [-39.812973 -36.475895 -27.857002 ... -80.       -80.       -80.      ]
 [-35.44729  -31.051527 -28.24838  ... -71.94866  -73.75831  -79.95724 ]]",Bhoopali
"[[-36.492302 -34.180607 -20.402325 ... -80.       -80.       -80.      ]
 [-40.19238  -35.46689  -20.329275 ... -80.       -80.       -80.      ]
 [-32.670776 -33.10902  -21.072182 ... -80.       -80.       -80.      ]
 ...
 [-80.       -72.433815 -72.66357  ... -80.       -80.       -80.      ]
 [-74.5454   -73.47276  -67.17214  ... -80.       -80.       -80.      ]
 [-69.82556  -69.310646 -62.390404 ... -80.       -80.       -80.      ]]",Bhoopali
"[[-35.915382 -33.420807 -45.720917 ... -68.02811  -70.51878  -80.      ]
 [-35.44028  -35.450203 -47.62245  ... -68.72172  -71.119316 -80.      ]
 [-41.139923 -41.080463 -51.134995 ... -69.44098  -71.848694 -80.      ]
 ...
 [-42.723377 -46.781403 -53.658203 ... -75.70963  -78.28152  -80.      ]
 [-43.07715  -47.299583 -48.711792 ... -73.03732  -75.570274 -80.      ]
 [-52.104256 -52.68759  -50.058773 ... -75.204056 -78.03616  -80.      ]]",Darbari
"[[-27.449966 -24.255713 -30.143152 ... -54.21762  -58.1338   -69.69984 ]
 [-22.61096  -20.888233 -27.171478 ... -52.6232   -58.257957 -68.890526]
 [-26.42113  -26.63323  -35.42079  ... -49.710396 -55.57685  -66.865036]
 ...
 [-39.878616 -43.27516  -46.266068 ... -73.73752  -74.526566 -80.      ]
 [-40.197147 -47.969048 -46.022583 ... -74.03472  -76.13995  -80.      ]
 [-46.098038 -47.639244 -51.698788 ... -73.360504 -76.97547  -80.      ]]",Darbari
"[[-37.263115 -43.31327  -49.380585 ... -63.925846 -67.257576 -80.      ]
 [-42.689766 -45.15341  -46.00876  ... -62.822674 -65.86214  -80.      ]
 [-38.70094  -44.91067  -46.60196  ... -62.576378 -65.61591  -80.      ]
 ...
 [-42.74495  -43.506767 -47.37876  ... -75.65634  -75.700195 -80.      ]
 [-47.80283  -42.16149  -46.791985 ... -75.56287  -77.15606  -80.      ]
 [-47.01315  -43.346104 -49.289494 ... -74.59909  -79.49716  -80.      ]]",Darbari
"[[-38.594883 -40.04763  -46.504623 ... -64.901855 -66.65497  -76.51224 ]
 [-36.77157  -37.805695 -44.462776 ... -64.0048   -65.334305 -74.63128 ]
 [-39.97195  -41.332672 -47.785046 ... -64.22308  -65.29106  -75.743515]
 ...
 [-44.00836  -43.033646 -49.16632  ... -75.421646 -79.103226 -80.      ]
 [-43.354046 -45.17659  -47.460777 ... -73.555916 -76.91235  -80.      ]
 [-44.720097 -40.989346 -42.59015  ... -73.75284  -77.975815 -80.      ]]",Darbari
"[[-36.058125 -38.569412 -44.208023 ... -62.644222 -66.18146  -74.78664 ]
 [-38.059418 -43.048203 -45.561203 ... -62.4967   -65.11923  -73.65418 ]
 [-41.17856  -38.18911  -43.8291   ... -63.104465 -65.91222  -76.37727 ]
 ...
 [-39.89885  -42.554817 -47.16847  ... -72.6517   -73.29143  -80.      ]
 [-39.082798 -40.645977 -46.163994 ... -72.87957  -75.27907  -80.      ]
 [-46.204903 -43.96788  -48.642982 ... -77.78684  -80.       -80.      ]]",Darbari
"[[-49.46262  -52.596    -54.788826 ... -79.453804 -79.73753  -80.      ]
 [-52.908417 -53.25496  -53.835793 ... -77.1892   -78.90715  -80.      ]
 [-52.857243 -55.656044 -56.23693  ... -78.37373  -78.56831  -80.      ]
 ...
 [-48.125664 -55.994053 -53.26909  ... -76.387314 -78.30075  -80.      ]
 [-48.83924  -51.201256 -52.72312  ... -77.48369  -79.41023  -80.      ]
 [-45.878384 -44.47212  -44.3021   ... -74.02898  -74.101845 -77.37265 ]]",Darbari
"[[-48.672237 -50.800743 -49.415524 ... -79.87735  -80.       -80.      ]
 [-50.907215 -48.710083 -50.15532  ... -80.       -80.       -80.      ]
 [-51.2492   -55.811043 -53.900017 ... -79.183304 -80.       -80.      ]
 ...
 [-50.928978 -52.270824 -55.115757 ... -80.       -80.       -80.      ]
 [-54.50601  -52.7203   -55.80341  ... -79.37902  -80.       -80.      ]
 [-54.174408 -51.15007  -52.825916 ... -71.853745 -71.86592  -73.51747 ]]",Darbari
"[[-54.49066  -53.030045 -52.015102 ... -75.651596 -78.12918  -80.      ]
 [-53.955803 -53.07698  -54.335777 ... -75.46431  -78.601814 -80.      ]
 [-50.8205   -55.504486 -60.320057 ... -75.43877  -77.68501  -80.      ]
 ...
 [-58.7385   -47.943645 -49.416058 ... -76.97221  -78.027336 -80.      ]
 [-54.93851  -49.336777 -51.693447 ... -76.99393  -78.31616  -80.      ]
 [-51.47773  -49.66941  -46.627453 ... -76.71938  -77.69177  -80.      ]]",Darbari
"[[-44.44684  -39.59644  -40.495102 ... -71.11334  -75.690765 -80.      ]
 [-45.81801  -42.208813 -44.5578   ... -72.48284  -74.168625 -80.      ]
 [-47.135433 -45.94407  -47.604424 ... -70.321396 -71.66023  -78.28991 ]
 ...
 [-47.542274 -47.58406  -50.23835  ... -71.847015 -73.07123  -80.      ]
 [-44.585976 -42.70803  -49.234352 ... -70.39203  -72.18851  -80.      ]
 [-44.383984 -42.305897 -51.20555  ... -68.962875 -69.1705   -72.967834]]",Darbari
"[[-47.563553 -42.65358  -44.95502  ... -76.1278   -80.       -80.      ]
 [-50.217216 -43.091106 -44.301178 ... -76.63815  -77.66217  -80.      ]
 [-50.47815  -42.87471  -43.90275  ... -75.531235 -77.72505  -80.      ]
 ...
 [-48.760796 -40.927685 -38.163967 ... -74.39424  -77.45665  -80.      ]
 [-48.096344 -41.97659  -40.218105 ... -75.658714 -78.76751  -80.      ]
 [-50.814304 -42.963516 -41.0652   ... -74.51574  -76.15621  -80.      ]]",Darbari
"[[-21.637814 -31.424742 -37.669357 ... -66.70658  -67.82707  -80.      ]
 [-25.573948 -30.523182 -36.07844  ... -63.574905 -64.04368  -80.      ]
 [-32.484627 -32.02485  -33.61354  ... -63.422035 -63.979614 -80.      ]
 ...
 [-29.008587 -31.03788  -33.568283 ... -67.83799  -69.09739  -80.      ]
 [-26.328447 -31.183668 -35.128197 ... -65.638016 -66.68788  -80.      ]
 [-27.405895 -32.59966  -38.56803  ... -64.74924  -65.52368  -72.6357  ]]",Malkauns
"[[-34.3491   -37.02869  -43.604607 ... -56.46173  -60.6044   -80.      ]
 [-28.815586 -39.196106 -41.664124 ... -58.2929   -64.466934 -80.      ]
 [-26.353743 -40.3322   -45.948196 ... -58.747604 -63.628838 -79.309135]
 ...
 [-29.034946 -31.8591   -34.7315   ... -62.26358  -64.84396  -80.      ]
 [-28.163174 -31.86688  -36.41751  ... -61.889618 -64.93731  -80.      ]
 [-30.020386 -30.182608 -37.605934 ... -57.711945 -58.339752 -60.595413]]",Malkauns
"[[-28.100489 -34.33786  -39.530365 ... -61.891693 -63.894943 -80.      ]
 [-31.704391 -35.572807 -40.476364 ... -58.647247 -60.647552 -80.      ]
 [-28.434498 -35.239452 -44.10673  ... -59.44771  -61.58809  -80.      ]
 ...
 [-30.426075 -33.755142 -36.716713 ... -61.533455 -64.75023  -80.      ]
 [-32.218273 -33.2062   -34.311287 ... -63.143234 -67.338776 -80.      ]
 [-29.922146 -34.189182 -35.673473 ... -58.029343 -58.36898  -59.827507]]",Malkauns
"[[-33.650845 -35.408672 -43.79984  ... -80.       -80.       -80.      ]
 [-31.699305 -39.019367 -42.321083 ... -80.       -80.       -80.      ]
 [-35.10672  -39.733807 -42.396896 ... -80.       -80.       -80.      ]
 ...
 [-41.2218   -40.72184  -40.002594 ... -72.62472  -74.36103  -80.      ]
 [-41.016174 -39.029655 -36.898315 ... -70.62295  -72.24177  -80.      ]
 [-47.811104 -49.146847 -43.79051  ... -79.82381  -80.       -80.      ]]",Malkauns
"[[-34.34404  -36.152817 -39.94056  ... -71.00692  -73.48646  -80.      ]
 [-31.425186 -33.607132 -33.789146 ... -68.015526 -70.91441  -80.      ]
 [-29.109682 -33.299797 -33.387127 ... -67.46033  -71.33365  -80.      ]
 ...
 [-35.546635 -41.815582 -38.831974 ... -72.49745  -75.81797  -80.      ]
 [-29.542856 -37.44037  -40.451046 ... -74.6273   -77.11771  -80.      ]
 [-29.143906 -36.98108  -35.33131  ... -58.229626 -58.06229  -59.26901 ]]",Malkauns
"[[-28.588308 -31.853344 -34.609127 ... -64.781006 -67.74869  -80.      ]
 [-28.936121 -35.912384 -34.45652  ... -64.43262  -68.94194  -80.      ]
 [-30.495369 -34.670418 -40.56736  ... -65.171745 -68.94953  -78.56061 ]
 ...
 [-17.42531  -30.583496 -39.64415  ... -72.231186 -72.62798  -80.      ]
 [-16.613865 -26.14152  -34.228264 ... -70.94942  -71.85897  -80.      ]
 [-17.299547 -23.62361  -26.46926  ... -69.037964 -68.25539  -70.9176  ]]",Malkauns
"[[-35.161327 -35.638042 -45.106155 ... -66.85042  -69.13773  -79.66223 ]
 [-31.389862 -36.01169  -43.673676 ... -65.66185  -68.055    -79.81068 ]
 [-30.916409 -38.335022 -42.401066 ... -65.43245  -67.94821  -78.571815]
 ...
 [-33.7742   -37.088696 -46.94351  ... -61.77671  -68.76965  -78.28949 ]
 [-35.209827 -43.82209  -44.21885  ... -67.65115  -71.929756 -80.      ]
 [-40.21045  -42.784576 -41.479675 ... -71.878204 -73.4268   -80.      ]]",Malkauns
"[[-37.02437  -34.95121  -45.740967 ... -46.93427  -48.923485 -66.0674  ]
 [-38.66452  -39.363632 -41.153893 ... -37.340473 -40.19612  -57.20559 ]
 [-35.496895 -39.61608  -39.700832 ... -36.25386  -38.266685 -49.558197]
 ...
 [-39.80886  -41.48639  -45.775963 ... -70.372986 -73.30267  -80.      ]
 [-33.723915 -40.98546  -44.52638  ... -71.06949  -73.11759  -80.      ]
 [-38.479992 -48.50045  -45.06939  ... -73.136345 -74.1362   -80.      ]]",Malkauns
"[[-24.737837 -33.130623 -40.865868 ... -70.96517  -71.149765 -77.838   ]
 [-24.745636 -33.758396 -42.620316 ... -69.34371  -71.786705 -80.      ]
 [-29.635721 -33.433884 -44.006454 ... -57.215363 -61.098465 -73.22076 ]
 ...
 [-31.495773 -44.95629  -51.61815  ... -71.821655 -74.231514 -80.      ]
 [-32.960865 -44.55781  -41.80738  ... -73.60292  -76.30064  -80.      ]
 [-38.692184 -42.2796   -38.13048  ... -76.78154  -77.72277  -80.      ]]",Malkauns
"[[-12.281544 -18.045727 -29.847843 ... -62.866447 -64.76143  -74.40031 ]
 [-15.090366 -20.783375 -37.61421  ... -63.60582  -67.13054  -77.350395]
 [-19.886543 -24.802483 -37.98584  ... -64.018234 -68.345406 -75.223854]
 ...
 [-27.125278 -37.973442 -41.243744 ... -68.18579  -69.90586  -78.18652 ]
 [-28.758835 -34.830505 -36.698643 ... -67.61612  -70.16501  -78.802185]
 [-28.359707 -33.27706  -35.584274 ... -67.32117  -71.242584 -80.      ]]",Malkauns
"[[-43.98842  -51.75087  -52.272255 ... -72.70301  -73.65182  -80.      ]
 [-48.513855 -47.14539  -52.60551  ... -71.38854  -74.550125 -80.      ]
 [-48.34163  -41.897003 -47.4116   ... -70.99437  -74.78592  -80.      ]
 ...
 [-38.245934 -42.251366 -45.45427  ... -80.       -80.       -80.      ]
 [-36.617355 -43.283524 -45.686157 ... -80.       -80.       -80.      ]
 [-38.05364  -39.974716 -44.56497  ... -73.70156  -73.48617  -74.97357 ]]",Sarang
"[[-38.754894 -40.07209  -39.657402 ... -78.17241  -80.       -80.      ]
 [-37.810833 -39.666275 -39.888058 ... -77.362595 -80.       -80.      ]
 [-34.67176  -34.03639  -39.79901  ... -75.6344   -80.       -80.      ]
 ...
 [-34.588066 -40.02162  -40.61355  ... -76.14889  -80.       -80.      ]
 [-40.032677 -41.77237  -42.093338 ... -77.66532  -80.       -80.      ]
 [-43.32226  -40.336903 -39.792625 ... -68.951256 -69.63326  -71.032196]]",Sarang
"[[-28.049942 -31.675438 -29.46661  ... -74.02935  -78.58934  -80.      ]
 [-26.063581 -31.284008 -32.303856 ... -75.09746  -79.118935 -80.      ]
 [-26.305897 -32.419888 -31.256386 ... -76.17424  -78.493    -80.      ]
 ...
 [-28.68728  -27.831501 -23.116364 ... -72.19192  -73.32925  -80.      ]
 [-32.416813 -25.628246 -19.134851 ... -73.05881  -72.98851  -80.      ]
 [-34.002827 -27.53785  -23.021088 ... -65.64024  -65.1944   -67.3358  ]]",Sarang
"[[-42.70883  -41.19754  -42.04697  ... -80.       -79.94479  -80.      ]
 [-39.852753 -37.293716 -39.75766  ... -80.       -80.       -80.      ]
 [-39.36167  -36.937145 -43.64644  ... -80.       -80.       -80.      ]
 ...
 [-37.650425 -34.185646 -38.782997 ... -74.174774 -75.06894  -80.      ]
 [-38.777924 -38.782112 -41.320637 ... -76.70924  -78.36518  -80.      ]
 [-41.207855 -40.698284 -45.10035  ... -64.315796 -64.28109  -65.615135]]",Sarang
"[[-31.634602 -36.105045 -36.226234 ... -64.753426 -67.22438  -80.      ]
 [-29.997015 -34.60086  -36.003654 ... -64.52884  -66.84019  -77.67838 ]
 [-32.816216 -35.43445  -35.731724 ... -65.14094  -67.15056  -77.12708 ]
 ...
 [-30.327835 -36.391506 -35.579773 ... -70.41212  -70.52256  -76.52214 ]
 [-42.345264 -36.82505  -32.41224  ... -71.240395 -69.817505 -74.03369 ]
 [-35.35945  -34.873825 -33.126553 ... -65.2916   -64.521835 -66.61045 ]]",Sarang
"[[-30.644379 -36.441826 -53.613914 ... -71.47104  -74.52454  -80.      ]
 [-28.18797  -37.934216 -50.008904 ... -70.30025  -75.64294  -80.      ]
 [-29.559208 -39.996407 -48.587364 ... -70.62317  -76.249214 -80.      ]
 ...
 [-38.81915  -47.309784 -52.453262 ... -73.8568   -76.069214 -80.      ]
 [-42.51541  -47.47735  -47.939663 ... -75.98286  -77.80067  -80.      ]
 [-48.408745 -48.020004 -52.9376   ... -77.06351  -80.       -80.      ]]",Sarang
"[[-35.78814  -41.363415 -46.82287  ... -71.38016  -75.138176 -80.      ]
 [-35.183907 -40.960094 -46.03492  ... -69.02995  -72.79791  -80.      ]
 [-35.881775 -48.3359   -47.704155 ... -70.054886 -73.83281  -80.      ]
 ...
 [-35.78591  -38.038128 -46.362778 ... -74.81458  -75.55203  -80.      ]
 [-38.13566  -40.43521  -43.966927 ... -74.80611  -77.19081  -80.      ]
 [-42.476    -49.325264 -51.19954  ... -75.91739  -79.22126  -80.      ]]",Sarang
"[[-42.34366  -42.93393  -43.818665 ... -67.865486 -69.75368  -78.27908 ]
 [-36.58157  -39.032738 -40.668392 ... -67.01197  -69.17701  -76.806694]
 [-36.686047 -41.38237  -42.20879  ... -66.60708  -69.27498  -76.606   ]
 ...
 [-40.275795 -42.186306 -44.229286 ... -78.83746  -80.       -80.      ]
 [-44.920662 -46.426483 -45.581642 ... -77.843636 -80.       -80.      ]
 [-46.72502  -46.0233   -49.34443  ... -78.538445 -80.       -80.      ]]",Sarang
"[[-42.815514 -43.908836 -46.44966  ... -71.93532  -73.5432   -80.      ]
 [-40.042427 -47.80356  -51.814953 ... -71.72709  -74.41981  -80.      ]
 [-39.834625 -45.977386 -55.51124  ... -72.69382  -75.88986  -80.      ]
 ...
 [-41.915787 -50.25358  -56.28232  ... -77.88449  -80.       -80.      ]
 [-45.363174 -50.237778 -56.575386 ... -77.87799  -80.       -80.      ]
 [-42.324974 -45.607273 -49.354256 ... -73.52036  -73.54392  -76.2571  ]]",Sarang
"[[-43.65717  -48.328674 -49.887592 ... -61.074287 -61.603176 -77.76213 ]
 [-43.194492 -48.912704 -51.34472  ... -62.099583 -62.27989  -74.82836 ]
 [-41.1977   -45.030888 -51.654613 ... -60.60577  -62.725784 -72.89661 ]
 ...
 [-35.16549  -39.0636   -51.349823 ... -72.81046  -77.16724  -80.      ]
 [-28.843716 -34.59756  -45.986954 ... -75.367905 -78.24217  -80.      ]
 [-29.633652 -38.64574  -45.652996 ... -77.85585  -77.642456 -80.      ]]",Sarang
"[[-36.093365  -18.98373   -23.071215  ... -80.        -80.
  -80.       ]
 [-36.139034  -19.239218  -23.007212  ... -80.        -80.
  -80.       ]
 [-37.393215  -20.022532  -25.012192  ... -80.        -80.
  -80.       ]
 ...
 [-36.120605  -19.624172  -13.938314  ... -80.        -80.
  -80.       ]
 [-36.5682    -22.253845  -13.9298115 ... -78.270424  -78.59263
  -79.92199  ]
 [-37.345352  -25.034298  -16.497374  ... -69.42983   -69.111206
  -70.20713  ]]",Yaman
"[[-43.02537  -42.386864 -43.723984 ... -80.       -80.       -80.      ]
 [-45.746964 -44.221046 -40.954758 ... -80.       -80.       -80.      ]
 [-50.514866 -44.63515  -40.119835 ... -80.       -80.       -80.      ]
 ...
 [-56.792107 -54.95636  -61.797935 ... -80.       -80.       -80.      ]
 [-60.88491  -56.572815 -56.65392  ... -80.       -80.       -80.      ]
 [-48.477276 -48.86269  -45.67834  ... -80.       -80.       -80.      ]]",Yaman
"[[-48.080696 -35.42092  -25.978542 ... -80.       -80.       -80.      ]
 [-47.606377 -35.792492 -27.601131 ... -80.       -80.       -80.      ]
 [-49.687332 -40.47862  -30.217676 ... -72.29222  -76.34059  -80.      ]
 ...
 [-37.26638  -36.414574 -33.539825 ... -77.14759  -79.991745 -80.      ]
 [-36.902508 -34.558186 -28.01374  ... -73.88481  -77.0006   -80.      ]
 [-38.909157 -33.039104 -28.254671 ... -66.754974 -68.19375  -73.40457 ]]",Yaman
"[[-41.5299   -34.759804 -33.800953 ... -80.       -80.       -80.      ]
 [-39.773174 -37.208244 -35.58591  ... -80.       -80.       -80.      ]
 [-38.704082 -35.467995 -32.91429  ... -80.       -80.       -80.      ]
 ...
 [-43.68246  -38.570274 -30.014452 ... -79.800354 -80.       -80.      ]
 [-42.872055 -32.957047 -29.06968  ... -80.       -80.       -80.      ]
 [-37.50271  -33.238705 -30.753828 ... -61.13743  -61.0505   -62.204067]]",Yaman
"[[-36.579216 -34.04158  -25.48832  ... -68.73683  -58.85749  -68.60425 ]
 [-34.91667  -34.085484 -30.594162 ... -78.634674 -72.061066 -80.      ]
 [-35.240776 -35.560127 -32.49555  ... -80.       -80.       -80.      ]
 ...
 [-34.140865 -29.635519 -24.97862  ... -80.       -77.96217  -80.      ]
 [-35.375824 -35.14778  -31.157701 ... -80.       -80.       -80.      ]
 [-37.08177  -35.748707 -35.22703  ... -71.42822  -72.91391  -79.62983 ]]",Yaman
"[[-36.45753  -37.31144  -32.918297 ... -75.710434 -79.45427  -80.      ]
 [-36.09966  -37.191475 -32.634422 ... -76.650826 -79.68764  -80.      ]
 [-33.768646 -37.685448 -34.162514 ... -76.20428  -79.450806 -80.      ]
 ...
 [-75.711426 -80.       -77.353905 ... -80.       -80.       -80.      ]
 [-80.       -80.       -78.60333  ... -80.       -80.       -80.      ]
 [-80.       -79.91533  -77.86516  ... -80.       -80.       -80.      ]]",Yaman
"[[-62.366913 -56.21955  -55.695107 ... -70.94748  -72.58882  -80.      ]
 [-74.63479  -67.57892  -60.05861  ... -78.488174 -80.       -80.      ]
 [-72.99405  -67.56956  -64.536194 ... -80.       -80.       -80.      ]
 ...
 [-62.639183 -55.95705  -51.060127 ... -80.       -80.       -80.      ]
 [-60.785187 -57.168037 -50.421375 ... -79.28632  -80.       -80.      ]
 [-66.5452   -60.00525  -51.221443 ... -73.66054  -73.633194 -74.68597 ]]",Yaman
"[[-80.       -75.96538  -69.7397   ... -80.       -80.       -80.      ]
 [-77.48328  -78.90506  -69.12889  ... -80.       -80.       -80.      ]
 [-76.14165  -77.23062  -67.732635 ... -80.       -80.       -80.      ]
 ...
 [-72.47471  -72.09802  -65.53061  ... -80.       -80.       -80.      ]
 [-67.82231  -66.18589  -62.56896  ... -80.       -80.       -80.      ]
 [-54.083904 -53.16644  -51.06517  ... -80.       -80.       -80.      ]]",Yaman
"[[-72.60039  -76.47533  -62.90856  ... -80.       -80.       -80.      ]
 [-69.21096  -69.951965 -61.886612 ... -80.       -80.       -80.      ]
 [-65.21015  -66.00205  -62.6351   ... -80.       -80.       -80.      ]
 ...
 [-66.57546  -63.120453 -62.544556 ... -80.       -80.       -80.      ]
 [-67.16241  -64.877525 -64.99218  ... -72.44639  -72.26384  -73.47897 ]
 [-55.841484 -56.377632 -56.984947 ... -58.6063   -58.471214 -59.58249 ]]",Yaman
"[[-69.833496 -76.372314 -73.13347  ... -80.       -80.       -80.      ]
 [-72.463394 -77.19763  -74.7042   ... -80.       -80.       -80.      ]
 [-78.84839  -80.       -77.76883  ... -80.       -80.       -80.      ]
 ...
 [-67.00572  -67.079834 -66.26507  ... -80.       -80.       -80.      ]
 [-65.73439  -64.72481  -62.858868 ... -73.10211  -72.85829  -73.96661 ]
 [-58.55939  -58.04632  -57.542145 ... -65.55354  -65.341446 -66.38985 ]]",Yaman
"[[-58.512062 -39.402367 -32.279354 ... -80.       -80.       -80.      ]
 [-54.2073   -39.680134 -33.009907 ... -79.12565  -75.969055 -80.      ]
 [-51.714794 -37.32859  -30.980402 ... -78.19177  -78.31207  -80.      ]
 ...
 [-55.46029  -35.771366 -30.198414 ... -80.       -80.       -80.      ]
 [-56.783768 -37.12874  -26.66565  ... -80.       -80.       -80.      ]
 [-49.65445  -36.833355 -25.748362 ... -80.       -80.       -80.      ]]",Yaman
"[[-52.86272  -40.974243 -33.926735 ... -80.       -80.       -80.      ]
 [-52.74976  -42.74357  -36.451546 ... -80.       -80.       -80.      ]
 [-53.547005 -43.605774 -38.045914 ... -80.       -80.       -80.      ]
 ...
 [-53.8804   -42.39531  -34.64221  ... -80.       -80.       -80.      ]
 [-51.768387 -43.48157  -36.91373  ... -80.       -80.       -80.      ]
 [-52.291183 -45.68363  -37.579773 ... -78.918274 -78.87302  -80.      ]]",Yaman
"[[-15.779673 -21.23266  -25.372513 ... -71.95276  -71.61337  -79.58198 ]
 [-16.759897 -20.2681   -21.768856 ... -68.75813  -69.83211  -78.74458 ]
 [-18.8194   -21.62534  -24.534462 ... -65.084465 -67.96742  -79.56978 ]
 ...
 [-20.766966 -26.77174  -21.072342 ... -71.52629  -75.2491   -80.      ]
 [-20.133362 -23.913641 -20.27748  ... -72.719154 -76.125496 -80.      ]
 [-21.423006 -20.607122 -19.051485 ... -69.04127  -69.67453  -71.453285]]",Yaman
"[[-28.966976 -32.105778 -39.254417 ... -74.37407  -76.14058  -80.      ]
 [-23.555561 -31.045765 -35.7834   ... -74.35575  -76.13085  -80.      ]
 [-23.444998 -31.025564 -35.581432 ... -76.288246 -77.979706 -80.      ]
 ...
 [-30.639288 -35.75238  -35.32789  ... -77.31945  -79.28388  -80.      ]
 [-28.549465 -36.229206 -36.956467 ... -75.03046  -76.22026  -80.      ]
 [-27.132975 -37.13198  -34.706367 ... -73.361244 -73.67641  -78.150314]]",Yaman
"[[-28.370733 -40.553272 -50.17094  ... -76.08052  -77.72245  -80.      ]
 [-27.726728 -39.845306 -51.562763 ... -76.3686   -76.58795  -80.      ]
 [-30.94342  -37.17527  -46.843597 ... -76.826195 -75.99896  -80.      ]
 ...
 [-39.17033  -39.81806  -45.42598  ... -73.26408  -74.601906 -80.      ]
 [-42.190086 -43.488434 -48.030613 ... -73.04279  -73.77063  -80.      ]
 [-45.42092  -45.0204   -48.539246 ... -67.28479  -67.37856  -69.651634]]",Yaman
"[[-37.646748 -37.738567 -41.42893  ... -75.50151  -78.29257  -80.      ]
 [-40.52955  -37.372566 -42.89696  ... -74.94267  -79.06898  -80.      ]
 [-37.947105 -36.99238  -40.954845 ... -75.280045 -80.       -80.      ]
 ...
 [-33.996006 -38.437786 -41.79885  ... -76.22055  -80.       -80.      ]
 [-37.37572  -36.140343 -37.325478 ... -77.98364  -80.       -80.      ]
 [-39.648697 -37.671284 -38.932587 ... -78.431305 -80.       -80.      ]]",Yaman
"[[-33.13655  -36.765633 -39.002968 ... -72.96986  -77.93329  -80.      ]
 [-29.078835 -36.8533   -43.217606 ... -75.6127   -80.       -80.      ]
 [-26.889856 -33.69588  -37.972343 ... -78.19373  -80.       -80.      ]
 ...
 [-30.472645 -34.769188 -40.225567 ... -75.635315 -74.823135 -78.71668 ]
 [-28.710524 -34.760284 -38.24669  ... -73.42745  -75.26928  -80.      ]
 [-28.15599  -35.618217 -37.513714 ... -71.92399  -74.34999  -80.      ]]",Yaman
"[[-49.23179  -40.900173 -35.22286  ... -80.       -80.       -80.      ]
 [-49.131256 -37.39643  -26.980406 ... -80.       -80.       -80.      ]
 [-50.548172 -39.183334 -25.958849 ... -80.       -80.       -80.      ]
 ...
 [-50.58346  -31.450312 -25.43192  ... -80.       -80.       -80.      ]
 [-50.48502  -32.110584 -25.729435 ... -80.       -80.       -80.      ]
 [-43.868637 -31.801788 -25.15377  ... -80.       -80.       -80.      ]]",Yaman
"[[-50.121857 -39.591595 -28.547998 ... -80.       -80.       -80.      ]
 [-50.580345 -38.5056   -30.636051 ... -80.       -80.       -80.      ]
 [-51.991127 -37.11285  -29.8711   ... -80.       -80.       -80.      ]
 ...
 [-50.81868  -36.80483  -30.290699 ... -80.       -80.       -80.      ]
 [-50.37841  -37.69315  -31.495916 ... -80.       -80.       -80.      ]
 [-47.322437 -35.45168  -29.67604  ... -66.016785 -65.88021  -67.033585]]",Yaman
"[[-47.95527  -28.591854 -22.060196 ... -80.       -80.       -80.      ]
 [-51.550556 -28.476774 -21.80346  ... -80.       -80.       -80.      ]
 [-50.397297 -29.068548 -22.184729 ... -80.       -80.       -80.      ]
 ...
 [-51.352898 -26.441208 -19.167004 ... -80.       -80.       -80.      ]
 [-49.928764 -26.51271  -19.564936 ... -80.       -80.       -80.      ]
 [-46.85111  -25.884384 -20.30991  ... -67.12697  -66.939804 -68.0593  ]]",Yaman
"[[-51.583435 -31.959494 -26.20872  ... -80.       -80.       -80.      ]
 [-50.237907 -31.903316 -24.868196 ... -80.       -80.       -80.      ]
 [-51.204666 -31.450623 -25.208597 ... -80.       -80.       -80.      ]
 ...
 [-50.748264 -31.279913 -23.589256 ... -80.       -80.       -80.      ]
 [-49.809303 -32.38626  -23.854752 ... -80.       -80.       -80.      ]
 [-35.482925 -31.29699  -21.830462 ... -80.       -80.       -80.      ]]",Yaman
"[[-52.822586 -29.682013 -21.476196 ... -80.       -80.       -80.      ]
 [-54.200382 -29.246012 -23.680777 ... -80.       -80.       -80.      ]
 [-53.74581  -28.542841 -21.613165 ... -80.       -80.       -80.      ]
 ...
 [-46.724613 -30.290178 -24.062973 ... -80.       -80.       -80.      ]
 [-48.049023 -30.103619 -21.509218 ... -80.       -80.       -80.      ]
 [-34.65226  -28.121698 -19.250015 ... -72.92853  -72.633484 -73.76816 ]]",Yaman
"[[-53.29913  -37.780415 -27.55328  ... -80.       -80.       -80.      ]
 [-54.55304  -36.440945 -27.520767 ... -80.       -80.       -80.      ]
 [-55.10224  -36.41987  -29.474443 ... -80.       -80.       -80.      ]
 ...
 [-53.425186 -37.04436  -24.761032 ... -80.       -80.       -80.      ]
 [-57.92777  -36.666702 -24.26868  ... -80.       -80.       -80.      ]
 [-33.797527 -30.218342 -21.743544 ... -80.       -80.       -80.      ]]",Yaman
"[[-51.541367 -45.854866 -26.608284 ... -80.       -80.       -80.      ]
 [-53.440216 -44.51352  -31.666515 ... -80.       -80.       -80.      ]
 [-54.43602  -42.17281  -33.016315 ... -80.       -80.       -80.      ]
 ...
 [-52.306644 -32.629753 -25.89965  ... -80.       -80.       -80.      ]
 [-51.227623 -33.03794  -25.681856 ... -80.       -80.       -80.      ]
 [-46.01151  -32.89145  -28.266766 ... -73.16175  -72.98883  -74.12288 ]]",Yaman
"[[-49.186993 -33.02487  -20.967375 ... -80.       -80.       -80.      ]
 [-49.087692 -34.745323 -21.315105 ... -80.       -80.       -80.      ]
 [-50.27707  -34.746662 -21.894726 ... -80.       -80.       -80.      ]
 ...
 [-49.53685  -35.46003  -27.891367 ... -80.       -80.       -80.      ]
 [-51.253525 -33.49505  -24.345829 ... -80.       -80.       -80.      ]
 [-37.85459  -33.343067 -27.193275 ... -80.       -80.       -80.      ]]",Yaman
"[[-52.807167 -35.125126 -24.966957 ... -80.       -80.       -80.      ]
 [-54.068943 -37.254433 -30.077484 ... -80.       -80.       -80.      ]
 [-54.62239  -38.90805  -30.499586 ... -80.       -80.       -80.      ]
 ...
 [-56.144886 -39.79715  -29.525417 ... -80.       -80.       -80.      ]
 [-54.417496 -40.360588 -27.701004 ... -80.       -80.       -80.      ]
 [-40.734356 -37.438976 -27.780256 ... -74.23489  -74.40045  -75.5114  ]]",Yaman
"[[-53.80475  -42.768143 -35.903206 ... -80.       -80.       -80.      ]
 [-54.728992 -42.06418  -35.273808 ... -80.       -80.       -80.      ]
 [-53.40386  -41.735153 -35.526745 ... -80.       -80.       -80.      ]
 ...
 [-53.030384 -45.052658 -38.180393 ... -80.       -80.       -80.      ]
 [-52.97616  -43.28425  -35.34299  ... -80.       -80.       -80.      ]
 [-45.711205 -40.713898 -34.245598 ... -80.       -80.       -80.      ]]",Yaman
"[[-53.371452 -39.378487 -31.520765 ... -80.       -80.       -80.      ]
 [-51.25522  -37.691612 -25.733406 ... -80.       -80.       -80.      ]
 [-52.037674 -36.277184 -25.54284  ... -80.       -80.       -80.      ]
 ...
 [-53.698708 -45.091064 -33.101734 ... -80.       -80.       -80.      ]
 [-54.89972  -42.75138  -34.679222 ... -80.       -80.       -80.      ]
 [-50.45507  -40.76715  -32.64794  ... -79.78873  -80.       -80.      ]]",Yaman
"[[-52.535217 -48.37482  -28.75872  ... -69.59084  -73.509224 -80.      ]
 [-52.266895 -47.987038 -29.474325 ... -68.919304 -72.74658  -80.      ]
 [-52.247673 -49.99263  -30.530352 ... -72.13506  -73.40975  -80.      ]
 ...
 [-68.243935 -53.118534 -41.116364 ... -67.923164 -69.98826  -80.      ]
 [-64.635666 -51.918503 -41.711525 ... -70.39022  -72.28002  -80.      ]
 [-52.904068 -44.289005 -41.34781  ... -70.71946  -69.29502  -80.      ]]",Yaman
"[[-46.51713  -25.161331 -22.087757 ... -63.46519  -66.09758  -79.842865]
 [-47.258064 -25.420256 -22.261448 ... -68.794174 -72.0604   -80.      ]
 [-51.04017  -24.893774 -22.168983 ... -72.516846 -76.82403  -80.      ]
 ...
 [-48.09066  -49.73333  -47.448166 ... -72.135956 -74.562645 -80.      ]
 [-49.624786 -49.39791  -46.199158 ... -70.35507  -73.10719  -80.      ]
 [-47.88665  -45.278076 -45.26143  ... -69.25549  -72.61424  -80.      ]]",Yaman
"[[-55.956955 -53.321297 -43.616653 ... -71.80623  -71.24329  -80.      ]
 [-52.13083  -52.70838  -42.685863 ... -69.54608  -70.09157  -77.94798 ]
 [-50.98075  -48.629715 -41.242626 ... -67.97467  -70.52176  -79.631165]
 ...
 [-54.40008  -35.75089  -32.090103 ... -68.03409  -70.72275  -80.      ]
 [-54.6371   -34.76497  -31.011898 ... -67.38307  -70.3011   -80.      ]
 [-51.891098 -36.803318 -31.40271  ... -69.33127  -71.62961  -78.915665]]",Yaman
"[[-36.814186 -35.16316  -42.27118  ... -59.67768  -59.135193 -68.54929 ]
 [-32.256523 -35.96369  -41.91705  ... -59.239388 -58.229973 -67.99471 ]
 [-27.2679   -27.882225 -38.165855 ... -61.934525 -62.54309  -71.53726 ]
 ...
 [-32.061867 -32.758488 -45.070942 ... -63.20208  -66.013245 -77.744545]
 [-34.936058 -35.966026 -41.471565 ... -64.016556 -67.62204  -79.56845 ]
 [-35.91375  -36.824787 -43.784092 ... -60.70538  -62.083027 -64.1704  ]]",Yaman
"[[-29.446753 -30.90851  -45.408085 ... -65.55345  -68.24797  -79.73997 ]
 [-28.4218   -32.67098  -47.88079  ... -66.980965 -70.47029  -79.23238 ]
 [-35.809742 -35.21622  -45.029274 ... -64.36784  -68.01698  -77.86897 ]
 ...
 [-29.182032 -31.174835 -37.42264  ... -64.68356  -67.24402  -76.45372 ]
 [-32.160725 -34.32376  -40.748756 ... -65.43471  -67.40706  -76.378075]
 [-29.038685 -32.600914 -42.728504 ... -65.63863  -67.967285 -76.69296 ]]",Yaman
"[[-26.856775 -29.381496 -30.761852 ... -69.10777  -71.054115 -79.80422 ]
 [-26.56694  -31.691484 -29.107239 ... -71.898964 -72.067    -80.      ]
 [-30.908306 -33.33714  -31.151855 ... -66.68734  -70.565125 -79.52575 ]
 ...
 [-38.463253 -40.01861  -50.094894 ... -63.79241  -69.35588  -78.588745]
 [-37.617294 -37.284355 -44.591675 ... -63.138573 -68.388054 -79.12111 ]
 [-38.663544 -37.119545 -35.37886  ... -62.737267 -65.24829  -69.07376 ]]",Yaman
"[[-33.08332  -32.819447 -42.125717 ... -62.783813 -65.155975 -74.64467 ]
 [-36.860394 -35.01801  -41.558815 ... -61.383995 -65.74536  -73.70195 ]
 [-33.65538  -34.793804 -40.135628 ... -63.60698  -65.74505  -73.00897 ]
 ...
 [-36.67492  -39.456192 -42.728813 ... -62.016396 -66.213264 -79.36914 ]
 [-40.687023 -41.354633 -43.277992 ... -62.85121  -66.54498  -78.50017 ]
 [-39.830116 -38.099106 -40.51068  ... -58.06932  -58.198853 -59.99919 ]]",Yaman
"[[-35.833157 -33.410492 -39.738243 ... -66.98071  -68.18025  -77.737   ]
 [-32.382206 -31.648071 -38.03387  ... -67.91605  -69.61381  -79.33752 ]
 [-32.903152 -38.589943 -39.759842 ... -70.83566  -71.49843  -80.      ]
 ...
 [-27.360878 -30.795107 -33.419846 ... -66.05507  -68.27515  -76.696465]
 [-28.375893 -35.449898 -38.29016  ... -67.7725   -69.30065  -76.575935]
 [-30.77101  -30.682747 -38.4832   ... -66.66291  -67.74811  -73.691795]]",Yaman
"[[-50.936043 -46.1222   -38.393566 ... -80.       -80.       -80.      ]
 [-50.438393 -48.185795 -41.566666 ... -80.       -80.       -80.      ]
 [-51.208332 -44.51732  -38.71893  ... -80.       -80.       -80.      ]
 ...
 [-50.617943 -36.296585 -28.327122 ... -80.       -80.       -80.      ]
 [-50.012066 -36.69118  -28.849339 ... -80.       -80.       -80.      ]
 [-38.774773 -33.395195 -28.172216 ... -67.656746 -67.500206 -68.67815 ]]",Yaman
"[[-60.705154 -55.331154 -43.177395 ... -80.       -80.       -80.      ]
 [-60.250553 -56.357468 -42.5455   ... -80.       -80.       -80.      ]
 [-60.613323 -57.23058  -44.132755 ... -80.       -80.       -80.      ]
 ...
 [-58.715088 -55.694614 -53.029716 ... -80.       -80.       -80.      ]
 [-58.855072 -57.887333 -50.1699   ... -80.       -80.       -80.      ]
 [-58.46727  -55.80398  -46.71933  ... -80.       -80.       -80.      ]]",Yaman
"[[-53.087936 -43.212997 -36.75438  ... -80.       -80.       -80.      ]
 [-52.862003 -42.371765 -35.31251  ... -80.       -80.       -80.      ]
 [-52.128563 -41.6893   -32.504036 ... -80.       -80.       -80.      ]
 ...
 [-51.774647 -33.70159  -28.064985 ... -80.       -80.       -80.      ]
 [-49.51994  -32.12573  -26.97026  ... -80.       -80.       -80.      ]
 [-40.69952  -30.979263 -24.73748  ... -53.164925 -53.066246 -54.23345 ]]",Yaman
"[[-60.057102 -53.52446  -45.561176 ... -80.       -80.       -80.      ]
 [-60.89119  -52.54258  -44.8673   ... -80.       -80.       -80.      ]
 [-61.083042 -55.512688 -45.07372  ... -80.       -80.       -80.      ]
 ...
 [-59.503887 -53.97319  -44.863026 ... -80.       -80.       -80.      ]
 [-59.695206 -54.45428  -44.106186 ... -80.       -80.       -80.      ]
 [-54.57198  -49.837337 -41.943275 ... -80.       -80.       -80.      ]]",Yaman
"[[-50.780464 -39.20503  -31.174255 ... -80.       -80.       -80.      ]
 [-50.34384  -38.596695 -29.225918 ... -80.       -80.       -80.      ]
 [-52.867664 -40.906113 -34.08211  ... -80.       -80.       -80.      ]
 ...
 [-53.54053  -43.437454 -34.789196 ... -80.       -80.       -80.      ]
 [-52.019875 -43.89289  -34.3507   ... -80.       -80.       -80.      ]
 [-46.890175 -44.638184 -34.978836 ... -77.23826  -77.01642  -78.12441 ]]",Yaman
"[[-46.407948 -44.23025  -31.90894  ... -80.       -80.       -80.      ]
 [-46.307564 -45.258915 -34.960117 ... -80.       -80.       -80.      ]
 [-46.043983 -44.509613 -37.303703 ... -80.       -80.       -80.      ]
 ...
 [-46.912033 -34.6435   -28.274801 ... -79.19473  -80.       -80.      ]
 [-45.09432  -33.8227   -28.126709 ... -78.87816  -80.       -80.      ]
 [-42.257744 -34.92179  -28.349918 ... -71.18361  -71.29562  -72.49043 ]]",Yaman
