Mel_Features,Ragas
[-39.284706 -37.849335 -49.61805  ... -80.       -80.       -80.      ],Asavari
[-58.12504  -55.780655 -57.698055 ... -80.       -80.       -80.      ],Asavari
[-58.124687 -55.780716 -57.70002  ... -80.       -80.       -80.      ],Asavari
[-39.62912  -38.168266 -50.226334 ... -80.       -80.       -66.517494],Asavari
[-35.64222 -41.69445 -80.      ... -80.      -80.      -77.98329],Asavari
[-47.4504   -41.46779  -39.276455 ... -80.       -80.       -80.      ],Asavari
[-29.277908 -27.43201  -25.207806 ... -80.       -80.       -79.0299  ],Asavari
[-38.91917  -35.974564 -33.489197 ... -79.765205 -79.583275 -70.2441  ],Asavari
[-35.99861  -35.18158  -38.489815 ... -80.       -80.       -80.      ],Asavari
[-35.99832  -35.18141  -38.489708 ... -80.       -80.       -80.      ],Asavari
[-80.       -80.       -80.       ... -79.25874  -75.200714 -71.876564],Bageshree
[-80.      -80.      -80.      ... -80.      -80.      -74.96992],Bageshree
[-80. -80. -80. ... -80. -80. -80.],Bageshree
[-80.      -80.      -80.      ... -80.      -80.      -78.42422],Bageshree
[-80.       -80.       -80.       ... -76.85017  -75.48404  -75.621864],Bageshree
[-80.      -80.      -80.      ... -80.      -80.      -59.86378],Bageshree
[-68.673744 -66.48932  -75.98874  ... -80.       -80.       -71.60072 ],Bageshree
[-33.537514 -33.47844  -35.929787 ... -80.       -80.       -80.      ],Bageshree
[-34.575905 -34.541077 -30.257309 ... -80.       -80.       -80.      ],Bageshree
[-27.45763  -23.900398 -26.021856 ... -42.92124  -44.12486  -48.122974],Bageshree
[-40.298298 -39.584404 -32.109283 ... -79.8596   -77.48539  -65.73297 ],Bageshree
[-36.92534  -34.293453 -36.321888 ... -64.84038  -65.126114 -58.46286 ],Bageshree
[-36.92534  -34.293453 -36.321888 ... -64.84038  -65.126114 -58.46286 ],Bhairava
[-41.046116 -34.327713 -34.83704  ... -66.640884 -68.517715 -80.      ],Bhairava
[-40.237144 -35.831863 -39.667538 ... -75.373184 -67.085464 -61.089684],Bhairava
[-56.519394 -54.758385 -51.20314  ... -80.       -80.       -80.      ],Bhairava
[-54.885532 -53.315445 -54.653248 ... -80.       -72.37478  -63.12388 ],Bhairava
[-28.054329 -33.731335 -47.89215  ... -79.757706 -74.69482  -59.421703],Bhairava
[-27.169586 -33.88846  -45.917908 ... -74.302505 -80.       -67.67505 ],Bhairava
[-32.42641 -36.40376 -45.81967 ... -80.      -80.      -80.     ],Bhairava
[-44.29512  -39.069954 -37.084038 ... -80.       -80.       -77.43642 ],Bhairava
[-53.641747 -53.376205 -50.37861  ... -80.       -80.       -80.      ],Bhairava
[-34.541325 -39.822308 -44.68237  ... -80.       -75.20358  -66.07869 ],Bhairava
[-32.15144  -37.75267  -52.576057 ... -69.69525  -69.37314  -66.30167 ],Bhairava
[-44.597282 -44.416824 -49.127552 ... -59.93531  -57.41609  -54.079357],Bhairava
[-36.227142 -35.540615 -32.491924 ... -77.99837  -70.670654 -61.695015],Bhairava
[-32.61246  -29.945486 -31.60323  ... -67.48924  -73.96089  -64.63513 ],Bhairava
[-52.118553 -51.10436  -51.58805  ... -59.094177 -58.89351  -60.09092 ],Bhairava
[-30.909746 -32.833168 -34.818905 ... -70.46785  -72.485245 -64.08798 ],Bhairava
[-37.361115 -38.941895 -43.62184  ... -60.618977 -70.31298  -72.29132 ],Bhairava
[-25.570686 -27.3857   -27.04853  ... -69.831345 -70.24512  -70.62201 ],Bhairava
[-37.73977  -41.041176 -34.972775 ... -75.35881  -77.443085 -73.324745],Bhairava
[-51.17309  -52.835396 -53.220177 ... -71.86781  -69.92613  -66.11447 ],Bhairava
[-48.213234 -53.641518 -56.712673 ... -74.614655 -77.466064 -69.18442 ],Bhairava
[-39.28769  -42.163624 -46.246872 ... -80.       -80.       -80.      ],Bhairava
[-19.300274 -16.244951 -16.161942 ... -80.       -80.       -67.66908 ],Bhairava
[-36.77871  -41.04426  -48.129845 ... -80.       -80.       -80.      ],Bhairava
[-41.42652  -34.689514 -34.67557  ... -76.40333  -76.928764 -77.29008 ],Bhairava
[-14.042757 -14.845339 -19.01995  ... -80.       -80.       -80.      ],Bhairavi
[-21.046207 -20.65968  -23.158394 ... -80.       -80.       -80.      ],Bhairavi
[-44.624252 -41.86508  -39.689884 ... -80.       -80.       -78.51723 ],Bhairavi
[-43.828484 -38.062355 -34.298645 ... -80.       -80.       -78.75215 ],Bhairavi
[-15.431015 -16.371656 -19.939394 ... -80.       -80.       -68.676285],Bhairavi
[-35.56595  -33.295387 -39.32471  ... -73.75925  -73.33812  -64.861435],Bhairavi
[-34.46096  -34.802067 -38.09012  ... -80.       -80.       -80.      ],Bhairavi
[-39.94479  -39.39714  -35.029625 ... -76.278786 -79.73784  -61.667038],Bhairavi
[-40.61419  -35.649284 -35.260506 ... -80.       -80.       -72.44567 ],Bhairavi
[-31.75313  -32.9611   -34.444714 ... -80.       -80.       -80.      ],Bhairavi
"[-41.205173   -5.9416256   0.        ... -80.        -80.
-78.966866 ]",Bhoopali
[-42.269302  -6.811289   0.       ... -80.       -79.66218  -78.821106],Bhoopali
[-41.65626   -6.197897   0.       ... -80.       -80.       -74.64859 ],Bhoopali
[-12.15549   -7.534897  -9.673716 ... -80.       -80.       -68.87081 ],Bhoopali
"[-4.6392384e+00  1.9073486e-06 -4.2813034e+00 ... -8.0000000e+01
 -8.0000000e+01 -7.4725304e+01]",Bhoopali
[-70.696785 -70.36399  -67.08899  ... -80.       -80.       -80.      ],Bhoopali
[-41.23362  -46.80795  -53.146866 ... -80.       -80.       -78.958565],Bhoopali
[-80.       -52.829674 -41.55833  ... -80.       -80.       -80.      ],Bhoopali
[-72.44255  -57.39718  -48.846184 ... -80.       -80.       -70.700714],Bhoopali
[-49.610558 -46.34594  -49.79624  ... -80.       -80.       -80.      ],Bhoopali
[-65.04318  -55.783424 -54.477634 ... -80.       -80.       -77.07196 ],Bhoopali
[-80. -80. -80. ... -80. -80. -80.],Bhoopali
[-54.900856 -48.28636  -43.315506 ... -80.       -80.       -80.      ],Bhoopali
[-59.502964 -60.199867 -64.22357  ... -80.       -80.       -77.35486 ],Bhoopali
[-61.98653  -50.175865 -50.707085 ... -80.       -80.       -80.      ],Bhoopali
[-80.       -47.406334 -41.62113  ... -80.       -80.       -65.05614 ],Bhoopali
[-69.96184  -58.242317 -46.220055 ... -80.       -80.       -80.      ],Bhoopali
[-47.1592   -34.772854 -35.26459  ... -80.       -80.       -80.      ],Bhoopali
[-54.509315 -59.83589  -64.14474  ... -80.       -80.       -80.      ],Bhoopali
[-80.     -80.     -80.     ... -80.     -80.     -72.1333],Bhoopali
[-80.       -64.93332  -52.927788 ... -80.       -80.       -67.13898 ],Bhoopali
[-80.       -64.9333   -54.505566 ... -80.       -80.       -80.      ],Bhoopali
[-80. -80. -80. ... -80. -80. -80.],Bhoopali
[-61.96559  -62.607635 -65.40546  ... -80.       -80.       -78.44373 ],Bhoopali
[-44.55279  -41.914436 -41.505966 ... -80.       -80.       -80.      ],Bhoopali
[-40.53969  -35.373924 -36.961845 ... -80.       -80.       -72.51593 ],Bhoopali
[-37.88376  -37.509064 -36.515354 ... -80.       -80.       -80.      ],Bhoopali
[-37.88376  -37.509064 -36.515354 ... -80.       -80.       -80.      ],Bhoopali
[-45.41852  -47.483025 -51.15259  ... -80.       -80.       -80.      ],Bhoopali
[-31.398039 -33.15508  -33.276474 ... -46.96694  -46.856186 -46.410324],Bhoopali
[-34.65348  -32.910328 -34.362907 ... -69.333565 -73.15528  -64.30817 ],Bhoopali
[-36.488075 -32.278336 -29.208385 ... -80.       -80.       -73.47529 ],Bhoopali
[-30.028692 -26.081654 -30.40762  ... -74.01904  -71.325195 -74.09752 ],Bhoopali
[-36.37847  -28.175045 -25.108294 ... -80.       -80.       -78.7686  ],Bhoopali
[-47.207336 -46.67727  -42.30136  ... -80.       -80.       -80.      ],Bhoopali
[-50.656193 -56.012184 -58.25054  ... -80.       -74.11597  -63.205917],Bhoopali
[-37.39913  -38.01552  -39.715385 ... -80.       -80.       -80.      ],Bhoopali
[-47.847057 -50.547977 -53.120705 ... -80.       -80.       -66.53604 ],Bhoopali
[-43.686054 -42.027138 -42.390503 ... -80.       -80.       -79.95724 ],Bhoopali
[-46.34393  -45.542404 -42.3947   ... -80.       -80.       -80.      ],Bhoopali
[-40.614918 -35.74175  -37.745983 ... -80.       -80.       -80.      ],Darbari
[-40.633118 -36.025284 -38.932724 ... -80.       -80.       -80.      ],Darbari
[-39.704494 -36.265118 -36.50714  ... -80.       -80.       -80.      ],Darbari
[-39.119404 -33.754944 -37.935825 ... -80.       -80.       -80.      ],Darbari
[-36.098396 -36.17122  -38.59212  ... -80.       -80.       -80.      ],Darbari
[-51.625393 -48.849052 -46.430676 ... -80.       -80.       -77.37265 ],Darbari
[-56.399918 -57.69558  -53.401684 ... -80.       -80.       -73.51747 ],Darbari
[-42.971306 -45.287086 -44.122486 ... -80.       -80.       -80.      ],Darbari
[-43.676243 -45.523148 -45.646378 ... -80.       -80.       -72.967834],Darbari
[-40.782024 -40.603348 -35.463318 ... -80.       -80.       -80.      ],Darbari
[-80.     -80.     -80.     ... -80.     -80.     -72.6357],Malkauns
[-80.       -80.       -80.       ... -80.       -80.       -60.595413],Malkauns
[-80.       -80.       -80.       ... -80.       -80.       -59.827507],Malkauns
[-80. -80. -80. ... -80. -80. -80.],Malkauns
[-80.      -80.      -80.      ... -80.      -80.      -59.26901],Malkauns
[-38.26432  -34.679665 -37.74742  ... -80.       -80.       -70.9176  ],Malkauns
[-43.502613 -36.595222 -36.13109  ... -78.28949  -80.       -80.      ],Malkauns
[-35.49017  -35.756348 -36.275543 ... -80.       -80.       -80.      ],Malkauns
[-39.75787  -38.640793 -41.351692 ... -80.       -80.       -80.      ],Malkauns
[-25.750454 -29.173283 -32.113697 ... -78.18652  -78.802185 -80.      ],Malkauns
[-80.      -80.      -80.      ... -80.      -80.      -74.97357],Sarang
[-80.       -80.       -80.       ... -80.       -80.       -71.032196],Sarang
[-80.     -80.     -80.     ... -80.     -80.     -67.3358],Sarang
[-80.       -80.       -80.       ... -80.       -80.       -65.615135],Sarang
[-80.      -80.      -80.      ... -76.52214 -74.03369 -66.61045],Sarang
[-49.41838  -37.80292  -38.321217 ... -80.       -80.       -80.      ],Sarang
[-35.143208 -35.071182 -34.571014 ... -80.       -80.       -80.      ],Sarang
[-43.552338 -36.818672 -34.971508 ... -80.       -80.       -80.      ],Sarang
[-33.71796  -35.072113 -39.58827  ... -80.       -80.       -76.2571  ],Sarang
[-41.504406 -38.53667  -34.9755   ... -80.       -80.       -80.      ],Sarang
[-31.450373 -29.38607  -29.597992 ... -80.       -79.92199  -70.20713 ],Yaman
[-43.990486 -44.72291  -46.85878  ... -80.       -80.       -80.      ],Yaman
[-46.43363  -49.613754 -51.734913 ... -80.       -80.       -73.40457 ],Yaman
[-43.222206 -42.59115  -38.316944 ... -80.       -80.       -62.204067],Yaman
[-46.319702 -38.930965 -37.103123 ... -80.       -80.       -79.62983 ],Yaman
[-53.87998  -42.37406  -39.784027 ... -80.       -80.       -80.      ],Yaman
[-30.975155 -37.005928 -78.45018  ... -80.       -80.       -74.68597 ],Yaman
[-40.840286 -46.73935  -69.21423  ... -80.       -80.       -80.      ],Yaman
[-34.297558 -40.415176 -73.41309  ... -80.       -73.47897  -59.58249 ],Yaman
[-52.438152 -57.758286 -65.05817  ... -80.       -73.96661  -66.38985 ],Yaman
[-80. -80. -80. ... -80. -80. -80.],Yaman
[-45.853195 -45.50571  -50.901615 ... -80.       -80.       -80.      ],Yaman
[-80.       -80.       -80.       ... -80.       -80.       -71.453285],Yaman
[-80.       -80.       -80.       ... -80.       -80.       -78.150314],Yaman
[-80.       -80.       -80.       ... -80.       -80.       -69.651634],Yaman
[-80. -80. -80. ... -80. -80. -80.],Yaman
[-80.      -80.      -80.      ... -78.71668 -80.      -80.     ],Yaman
[-60.87391 -51.71799 -48.13758 ... -80.      -80.      -80.     ],Yaman
[-57.228973 -47.205345 -48.962997 ... -80.       -80.       -67.033585],Yaman
[-52.110703 -42.791527 -45.713993 ... -80.       -80.       -68.0593  ],Yaman
[-46.950924 -44.458363 -51.419315 ... -80.       -80.       -80.      ],Yaman
[-41.521378 -42.501755 -53.997715 ... -80.       -80.       -73.76816 ],Yaman
[-33.586063 -39.68038  -51.800938 ... -80.       -80.       -80.      ],Yaman
[-48.670403 -45.641365 -50.841373 ... -80.       -80.       -74.12288 ],Yaman
[-48.227646 -44.469948 -48.820942 ... -80.       -80.       -80.      ],Yaman
[-36.775578 -36.575047 -47.173943 ... -80.       -80.       -75.5114  ],Yaman
[-43.26255  -45.436176 -52.148323 ... -80.       -80.       -80.      ],Yaman
[-42.463413 -39.058113 -46.51997  ... -80.       -80.       -80.      ],Yaman
[-80. -80. -80. ... -80. -80. -80.],Yaman
[-44.629814 -38.473377 -43.78395  ... -80.       -80.       -80.      ],Yaman
[-74.775116 -50.92895  -48.46231  ... -80.       -80.       -78.915665],Yaman
[-38.758015 -31.806683 -28.902275 ... -77.744545 -79.56845  -64.1704  ],Yaman
[-29.112194 -24.252813 -26.25171  ... -76.45372  -76.378075 -76.69296 ],Yaman
[-31.654984 -31.256954 -30.144274 ... -78.588745 -79.12111  -69.07376 ],Yaman
[-37.33356  -35.13414  -39.616486 ... -79.36914  -78.50017  -59.99919 ],Yaman
[-35.35325  -30.435099 -33.542168 ... -76.696465 -76.575935 -73.691795],Yaman
[-49.26188  -46.719765 -49.773705 ... -80.       -80.       -68.67815 ],Yaman
[-65.96637  -60.171127 -60.23934  ... -80.       -80.       -80.      ],Yaman
[-65.30445  -52.37986  -49.295868 ... -80.       -80.       -54.23345 ],Yaman
[-45.88783  -50.827065 -60.971672 ... -80.       -80.       -80.      ],Yaman
[-51.04173  -47.406418 -49.79087  ... -80.       -80.       -78.12441 ],Yaman
[-45.815086 -41.71373  -43.833736 ... -80.       -80.       -72.49043 ],Yaman
